#include "DALPropDef.h"
#include "DALDeviceId.h"
#include "QupACCommonIds.h"
#include "comdef.h"
#include "com_dtypes.h"
#include "target.h"
#include "customer.h"
#include "custmapaanaaa.h"
#include "targmapaanaaa.h"
#include "custremoteapis.h"
#include "custtarget.h"
#include "custsdcc.h"
#include "custsurf.h"
#include "custdiag.h"
#include "custefs.h"
#include "custpmic.h"
#include "custsio_8660.h"
#include "custsec.h"
#include "custsfs.h"
#include "armasm.h"
#include "HALxpu2.h"
#include "HALxpu2Target.h"
#include "HALcomdef.h"
#include "DALPropDef.h"
#include "TlmmPropDef.h"
#include "DALStdDef.h"
#ifndef DEVCFG_STANDALONE 
#include "DALStdDef.h" 
#include "DALSysTypes.h" 

#else 
#include "stubs.h" 

#include "devcfgTypes.h" 

#endif 
extern void * ABT_propdata_oem_53xx_oem_tz;
extern void * NOCERR_propdata_oem_53xx_oem_tz;
extern void * oem_rst_reason_list_53xx_oem_tz;


static TLMMGpioIdType	devcfg_2={0,1};


static TLMMGpioIdType	devcfg_3={1,1};


static TLMMGpioIdType	devcfg_4={2,1};


static TLMMGpioIdType	devcfg_5={3,1};


static TLMMGpioIdType	devcfg_6={4,1};


static TLMMGpioIdType	devcfg_7={5,1};


static TLMMGpioIdType	devcfg_8={6,1};


static TLMMGpioIdType	devcfg_9={7,1};


static TLMMGpioIdType	devcfg_10={8,1};


static TLMMGpioIdType	devcfg_11={9,1};


static TLMMGpioIdType	devcfg_12={10,2};


static TLMMGpioIdType	devcfg_13={17,2};


static TLMMGpioIdType	devcfg_14={18,2};


static TLMMGpioIdType	devcfg_15={19,2};


static TLMMGpioIdType	devcfg_16={20,2};


static TLMMGpioIdType	devcfg_17={27,1};


static TLMMGpioIdType	devcfg_18={28,1};


static TLMMGpioIdType	devcfg_19={29,1};


static TLMMGpioIdType	devcfg_20={30,1};


static TLMMGpioIdType	devcfg_21={31,1};


static TLMMGpioIdType	devcfg_22={31,2};


static TLMMGpioIdType	devcfg_23={32,1};


static TLMMGpioIdType	devcfg_24={32,2};


static TLMMGpioIdType	devcfg_25={33,1};


static TLMMGpioIdType	devcfg_26={33,2};


static TLMMGpioIdType	devcfg_27={34,1};


static TLMMGpioIdType	devcfg_28={34,2};


static TLMMGpioIdType	devcfg_29={35,2};


static TLMMGpioIdType	devcfg_30={36,2};


static TLMMGpioIdType	devcfg_31={37,1};


static TLMMGpioIdType	devcfg_32={41,1};


static TLMMGpioIdType	devcfg_33={42,1};


static TLMMGpioIdType	devcfg_34={43,1};


static TLMMGpioIdType	devcfg_35={44,1};


static TLMMGpioIdType	devcfg_36={45,1};


static TLMMGpioIdType	devcfg_37={46,1};


static TLMMGpioIdType	devcfg_38={47,1};


static TLMMGpioIdType	devcfg_39={48,1};


static TLMMGpioIdType	devcfg_40={49,1};


static TLMMGpioIdType	devcfg_41={50,1};


static TLMMGpioIdType	devcfg_42={51,1};


static TLMMGpioIdType	devcfg_43={52,1};


static TLMMGpioIdType	devcfg_44={53,1};


static TLMMGpioIdType	devcfg_45={54,1};


static TLMMGpioIdType	devcfg_46={55,1};


static TLMMGpioIdType	devcfg_47={56,1};


static TLMMGpioIdType	devcfg_48={65,2};


static TLMMGpioIdType	devcfg_49={66,2};


static TLMMGpioIdType	devcfg_50={67,2};


static TLMMGpioIdType	devcfg_51={68,2};


static TLMMGpioIdType	devcfg_52={81,2};


static TLMMGpioIdType	devcfg_53={82,2};


static TLMMGpioIdType	devcfg_54={83,2};


static TLMMGpioIdType	devcfg_55={84,1};


static TLMMGpioIdType	devcfg_56={85,1};


static TLMMGpioIdType	devcfg_57={86,1};


static TLMMGpioIdType	devcfg_58={87,1};


static TLMMGpioIdType	devcfg_59={88,1};


static TLMMGpioIdType	devcfg_60={89,2};


static TLMMGpioIdType	devcfg_61={90,3};


static TLMMGpioIdType	devcfg_62={91,3};


static TLMMGpioIdType	devcfg_63={92,3};


static TLMMGpioIdType	devcfg_64={93,3};


static TLMMGpioIdType	devcfg_65={94,3};


static TLMMGpioIdType	devcfg_66={95,3};


static TLMMGpioIdType	devcfg_67={96,3};


static TLMMGpioIdType	devcfg_68={105,2};


static TLMMGpioIdType	devcfg_69={105,3};


static TLMMGpioIdType	devcfg_70={106,2};


static TLMMGpioIdType	devcfg_71={106,3};


static TLMMGpioIdType	devcfg_72={107,2};


static TLMMGpioIdType	devcfg_73={107,3};


static TLMMGpioIdType	devcfg_74={108,2};


static TLMMGpioIdType	devcfg_75={123,1};


static TLMMGpioIdType	devcfg_76={124,1};


static TLMMGpioIdType	devcfg_77={125,1};


static TLMMGpioIdType	devcfg_78={88,1};


static byte	devcfg_80[]={0x00,0x00,0x00,0x00,0x00,0x01,0x00,0x00,0x00,0x54,0x08,0x00,0xC0,0xFF,0xFF,0xFF,0xF0,0xDE,0xBC,0x9A,0x78,0x56,0x34,0x12,0x5F,0xCF,0x13,0x25,0x41,0x64,0x6B,0xB8,0x1B,0xAA,0x16,0x58,0x0A,0xA0,0x30,0xC6,0xFD,0xC4,0x27,0xC4,0xA6,0x7C,0x14,0x63,0xA5,0x8E,0x51,0xCB,0x60,0xD2,0x0F,0x87,0xB2,0xD5,0x1A,0x6D,0x53,0xFA,0x37,0x26,0x80,0xDE,0x7C,0xE0,0x74,0xA0,0x0C,0x6E,0xD7,0xA2,0xE1,0x49};


static byte	devcfg_81[]={0xF8,0x9B,0x75,0xA0,0x1A,0x1D,0x3F,0x03,0x8E,0x2D,0x56,0x7D,0x8F,0xC2,0x47,0x3E,0x21,0x6F,0x97,0xF8,0xEC,0x3E,0x3E,0x95,0x06,0x6C,0x1C,0x47,0xC5,0x0D,0x8A,0xA1,0x4A,0xC0,0x3E,0x63,0xBE,0x88,0xF3,0x99,0xA9,0x44,0x87,0xCE,0x45,0x60,0x01,0xDB,0x50,0x5D,0xBA,0x76,0x73,0x0C,0x2D,0x93,0xBD,0xA0,0x36,0x95,0x85,0x12,0x32,0x47,0xC9,0x80,0x90,0x4D,0xC0,0x9D,0x67,0xE7,0x54,0x1A,0x3D,0xA5,0x53,0xA1,0xAD,0x3A,0x44,0x3A,0xB8,0xF1,0xB8,0xD2,0xB2,0x60,0xC0,0xA2,0x19,0x96,0x1F,0xDA,0xD1,0x6A,0xCF,0xA8,0x05,0xE0,0x7B,0x62,0x8B,0xAF,0x0E,0xCF,0x30,0x64,0xA9,0x29,0xF2,0x30,0xFC,0x4A,0x25,0xD0,0xAD,0xC1,0x44,0x25,0xDD,0xF3,0xD7,0x1B,0x65,0x47,0x38,0x6E,0x46,0x0E,0x08,0x7E,0xB3,0xD7,0x92,0xD9,0xB0,0x89,0x5C,0x80,0x6E,0xF7,0x5F,0x6D,0x9B,0x79,0x89,0xB6,0xA9,0xC6,0x91,0x46,0x84,0x0A,0x51,0x3B,0xD9,0x93,0x47,0xB7,0xB5,0x4A,0x16,0x16,0xE8,0x2B,0x53,0x0E,0xA1,0xFF,0x46,0x83,0x4E,0xC2,0x25,0xC7,0xC7,0x32,0xF7,0x67,0x56,0x6A,0xF0,0xAA,0x78,0x25,0xE6,0xEE,0x36,0x06,0x39,0x95,0xE2,0x6F,0x27,0x9E,0xCF,0x4F,0x64,0x02,0xF5,0x73,0xF7,0x3C,0xAD,0x99,0xF2,0xEA,0x5B,0xFB,0x3E,0x18,0x93,0x33,0x49,0x22,0x5D,0x3C,0xC0,0x23,0xB3,0xF7,0x0D,0x2F,0xB0,0x0B,0x3D,0xAA,0x66,0x7A,0x71,0x74,0x24,0x1F,0x64,0x4F,0xE6,0xDB,0x4E,0x40,0x8E,0x9B,0x9E,0x1D,0x73,0x45,0x22,0x1A,0x4A,0x92,0xBA,0xA9,0x15,0xB0,0x8E,0x7C,0x14,0xBA,0x6E,0xEA,0x76,0x54,0xF7,0x27,0x4A,0x32,0x5E,0x65,0x9F,0xDD,0xE8,0x6F,0x18,0x68,0xE0,0x00,0x92,0x18,0x6B,0x80,0x0A,0xF1,0x30,0x8E,0x43,0x18,0x36,0xB7,0xCC,0xF2,0xDB,0x1A,0xD1,0xB1,0x50,0x2C,0x6C,0x78,0xF0,0xC8,0x57,0x1E,0x55,0x05,0x53,0x36,0x65,0x06,0x2A,0xFC,0x0E,0xE3,0x63,0x9C,0x22,0x13,0xC4,0x49,0x9A,0x82,0x11,0x10,0x4B,0x6C,0xC8,0x1B,0x72,0x58,0xC4,0xF4,0x27,0x21,0xEC,0x58,0x8A,0xE2,0x54,0x62,0xE0,0x43,0x09,0xCD,0x43,0x99,0x1F,0x5A,0x6A,0x9E,0xE2,0x7C,0x4F,0x9C,0x42,0x52,0x72,0x99,0x22,0x8A,0x88,0x73,0x83,0x47,0x4D,0xEF,0xDF,0xFC,0xA1,0xBE,0x49,0x5C,0xCE,0xAD,0x2C,0x60,0x22,0x80,0xE0,0x59,0x82,0x9B,0xFE,0xB7,0xF4,0xD1,0xA9,0x76,0x46,0x47,0x10,0xE3,0x04,0x93,0x17,0x63,0x5F,0x06,0x7C,0xF0,0xBB,0x3D,0x9C,0x86,0x06,0x8A,0xA7,0x04,0x63,0xC3,0xC4,0xFF,0xCC,0x5F,0x52,0x5E,0x03,0xCE,0x8C,0x8C,0x42,0x8F,0xE4,0x6D,0x8F,0x8A,0x20,0x32,0x73,0xB3,0xE8,0x4B,0xCB,0xA5,0xFE,0xB8,0x4A,0xE5,0x30,0xFF,0x06,0x9B,0x0D,0x5C,0xB0,0xFE,0x32,0xBC,0x43,0xBD,0x0A,0xBE,0x8A,0x05,0x24,0x45,0x60,0xEF,0x41,0x70,0x4F,0x57,0x98,0x8C,0xE5,0xCB,0x99,0x90,0x5E,0xAC,0xF2,0xF1,0x56,0x84,0x42,0x1A,0xBD,0x0C,0x30,0x57,0x21,0x06,0x7C,0x2E,0xD5,0xBD,0x4F,0xFD,0x9C,0x19,0x4A,0x3C,0xDB,0xFC,0xD2,0x23,0x2E,0x5A,0xA6,0x2A,0x52,0xF2,0x26,0x7A,0xF0,0x98,0x90,0xF6,0xB6,0xEC,0xFB,0x14,0x1D,0xAC,0x9C,0xCA,0xA2,0xD3,0x73,0x8B,0x3A,0x10,0xCD,0xB5,0x06,0xAD,0x20,0x3B,0xBE,0xB6,0xA5,0xD9,0xF0,0x7B,0x1A,0xF6,0xE3,0x53,0x55,0xBE,0xB8,0x98,0x09,0x6B,0xBB,0x54,0xB9,0x80,0x96,0x1D,0x2B,0x15,0x53,0xD7,0xEF,0x36,0x5F,0xD3,0x8A,0x79,0x39,0xFA,0xB2,0x3F,0x23,0xCA,0x82,0x26,0xB6,0xF0,0x3A,0xB9,0x8D,0xA1,0xCE,0xF0,0x14,0x2C,0xE9,0x62,0x48,0x9A,0xA8,0x74,0xE2,0x2F,0x49,0xC2,0xE5,0x35,0x94,0xFD,0x35,0x37,0x63,0x6A,0xC6,0x18,0x39,0xE6,0x6A,0x39,0x0A,0xA1,0xB9,0x9E,0x8A,0x1A,0x30,0xA4,0x76,0x6F,0xCA,0x95,0x06,0x6B,0xB6,0xB1,0x22,0xFE,0xFE,0xB2,0x19,0xEB,0x74,0x6A,0x2E,0x48,0x22,0xF5,0x01,0x6B,0xB0,0x01,0x66,0x95,0x38,0x08,0x42,0x1B,0xF5,0xC3,0x50,0x30,0x00,0xE8,0xDD,0x8E,0x90,0x64,0xEC,0x7E,0x05,0xFE,0xE2,0x5A,0x53,0x5E,0x7E,0x14,0x01,0x46,0x7C,0x5B,0x58,0xDF,0x85,0x2F,0x46,0xEA,0x54,0x68,0xDD,0x82,0xE2,0xC6,0xE1,0x28,0x58,0x1B,0xE9,0xC3,0xAD,0xFD,0xCB,0x1B,0xED,0x4E,0x08,0x5A,0x89,0xEA,0xCE,0x50,0x48,0x0D,0x3C,0x6D,0x02,0xCE,0x28,0x54,0xB7,0x84,0xD3,0x99,0xC3,0xA9,0xE2,0xF1,0x20,0x5F,0xB4,0x60,0xB9,0xF1,0x53,0x8B,0x71,0x74,0x9C,0x68,0xAA,0x00,0x86,0xC5,0xCC,0xFC,0xD3,0x69,0x50,0xF3,0x7D,0x0A,0x97,0xA0,0xFB,0x7A,0x91,0x6F,0xD1,0x75,0x26,0x99,0x72,0x34,0x76,0x32,0x73,0xF1,0x5A,0x18,0xFC,0x68,0x65,0xDD,0x1A,0xB3,0x26,0x56,0x1C,0xA7,0x22,0xA8,0xE6,0x58,0xD9,0xDA,0xE9,0xB0,0x2C,0xF7,0x46,0xB4,0x7B,0xBC,0xA8,0x79,0x85,0x6B,0x7F,0x5B,0xC1,0x6C,0x4D,0xFE,0xC3,0x7E,0x6E,0xEE,0x25,0x41,0x35,0xE0,0xB8,0xA0,0x14,0xCD,0x4D,0x31,0x61,0xDB,0x2E,0x2A,0xCD,0x56,0x43,0x13,0x04,0x9F,0x72,0x8D,0xDB,0x88,0xED,0x01,0xF2,0x83,0x2B,0x7A,0xAB,0x13,0x1D,0x7C,0x40,0x92,0x00,0x21,0xC7,0xAD,0x98,0x49,0xB0,0x7C,0x4C,0x64,0x84,0xE8,0x08,0x3C,0x81,0x31,0x14,0xAE,0xE8,0xB8,0x42,0xE0,0xFB,0xD1,0x66,0x00,0x98,0x80,0x32,0xFC,0x2F,0xE9,0xF5,0x8B,0x8F,0x8C,0x1B,0x8B,0x7D,0xDE,0xBF,0x33,0xD0,0x5D,0xF7,0x7B,0x34,0x14,0x22,0x37,0xF9,0x24,0x81,0xEA,0x0B,0x74,0xCD,0xE9,0xE3,0x10,0xC3,0xEA,0xD7,0xA0,0x31,0x5F,0xA7,0x34,0xF9,0x13,0x2B,0x80,0x31,0xB3,0xCF,0xA7,0x92,0xC7,0xC0,0x06,0x70,0xFA,0x2B,0x5B,0x21,0xC1,0x3F,0x4B,0x8D,0x07,0xC4,0xD4,0xF5,0xCB,0xB7,0x51,0x04,0x8E,0x22,0x89,0x3F,0x3A,0x47,0x69,0x48,0x9C,0x39,0x35,0xD5,0xA5,0x7E,0x60,0x22,0x04,0x69,0x5D,0x3A,0xF6,0x19,0x3B,0x56,0x94,0x45,0xA3,0x11,0x20,0xA8,0xDC,0xE7,0xD9,0xD0,0x63,0xDF,0xBC,0x2B,0xEB,0x02,0x63,0x61,0x17,0xD2,0xD3,0x96,0x3A,0xCD,0xA7,0xE7,0x49,0x56,0x3B,0x33,0x29,0x19,0x29,0x62,0x8A,0x1C,0x95,0x44,0x6F,0x69,0x4F,0x6D,0x93,0xCA,0xE3,0x19,0x14,0xF3,0xCE,0x5B,0xC5,0xB3,0xFC,0xD2,0x13,0x9F,0xE6,0x6D,0x4C,0xF4,0xE7,0xF6,0xF9,0x05,0xBB,0xC4,0xF3,0x2B,0x23,0x63,0x32,0x79,0xF5,0x5A,0xA0,0x06,0x39,0x55,0x75,0x77,0xF8,0xAB,0xE4,0xFB,0xE0,0xBA,0x6E,0x7E,0x15,0x63,0x40,0xF5,0x20,0xBF,0xB1,0x9F,0x58,0xFC,0x1A,0xA0,0x01,0x67,0xAE,0xA8,0xC2,0x62,0xE3,0xDB,0x90,0x79,0xEC,0xEE,0x3B,0x39,0x18,0xC7,0x96,0x0D,0x81,0xFB,0xAD,0x72,0x81,0x34,0x53,0xF2,0xDA,0x84,0xCE,0xC2,0xBF,0x30,0x17,0xE8,0x97,0xBA,0xA2,0x0E,0xD9,0xC0,0x9D,0xAD,0x48,0xEA,0xB0,0x01,0x62,0x37,0xD3,0x79,0xDB,0x91,0x0C,0x31,0x5D,0x65,0x4C,0xC5,0x08,0x4F,0x83,0xC3,0x13,0x45,0xA2,0xB4,0x3A,0x9A,0xEC,0x17,0x59,0x12,0xFD,0x0A,0xB1,0x6E,0xCD,0x06,0x4A,0x9D,0x9B,0x37,0xD5,0xAD,0xCB,0x30,0x10,0x9D,0x0F,0x0B,0xBA,0x01,0x71,0x30,0x6A,0xAA,0xF3,0x8F,0x3B,0x67,0x1F,0x77,0x99,0x62,0x5E,0x11,0x0A,0xDA,0x10,0x7A,0xCB,0x81,0x91,0xA8,0x9C,0xD9,0xCA,0x75,0xCE,0x55,0x8F,0x9C,0x75,0x3B,0xAD,0xBB,0x3D,0x32,0xE8,0x2E,0xAB,0x15,0x6F,0xE3,0x74,0xE0,0xF2,0x75,0x99,0x90,0x5D,0xB5,0xE8,0x0E,0xDE,0xBF,0x13,0x79,0x36,0x58,0xAB,0xA3,0xA0,0x83,0xF2,0xD8,0x4B,0xDE,0x86,0x38,0xC3,0x4F,0xC2,0x9B,0xB8,0x08,0xC5,0x18,0xB7,0x75,0x38,0x6D,0x8E,0x23,0xD3,0x33,0x38,0x91,0x00,0x98,0x81,0x2C,0x37,0x8C,0x76,0xCB,0x68,0x35,0x83,0x55,0xE4,0x2F,0xD8,0xE8,0xB7,0xB8,0xDB,0xFA,0xAE,0x31,0x41,0x5E,0x6B,0xC7,0x9B,0xEE,0xE6,0x78,0x8A,0x62,0xB1,0xD5,0x50,0xCD,0x6C,0xD4,0x22,0xAE,0xE7,0x1D,0xBA,0xC4,0xF4,0x36,0xC5,0x2D,0xCC,0x5F,0x1C,0x6D,0x60,0x6F,0x87,0xCA,0x44,0x7B,0x85,0xD9,0x9B,0x27,0x72,0x3C,0x16,0x79,0x11,0xE4,0xD7,0x0E,0x4E,0x5B,0xE6,0x9B,0xFF,0xCC,0x5E,0x31,0x1E,0x4B,0x40,0xD2,0xA7,0xE2,0xE8,0x80,0xCD,0x52,0x08,0x89,0x38,0x72,0xAA,0x47,0x03,0xC8,0x1F,0xE7,0x9A,0xBA,0x48,0x76,0x85,0x87,0x23,0x28,0x9F,0x26,0x01,0x2A,0x76,0x29,0x09,0x76,0x24,0x6C,0xAD,0xCE,0xBE,0x71,0x4D,0x81,0x6F,0x56,0x41,0xFC,0x3A,0x81,0x41,0x7C,0x89,0x88,0x47,0x78,0xF5,0xC5,0x55,0x6E,0x8A,0x3F,0xCF,0x1C,0xC4,0xFF,0x4B,0x88,0x5D,0xD7,0x0F,0xD0,0x43,0x15,0x2F,0x88,0x47,0x6E,0x76,0x9E,0x10,0x9E,0xAA,0x34,0xF1,0x4D,0x20,0xED,0xBF,0x4C,0xA5,0xDC,0x3B,0xBB,0x44,0xF0,0x1D,0xBE,0xAC,0xE9,0x52,0xC6,0x55,0x20,0xFF,0xAF,0x6C,0x8C,0xC1,0x66,0x63,0x56,0x5E,0x4C,0x28,0x16,0xCE,0xA0,0xA7,0x98,0xAE,0x02,0xC2,0x51,0xA5,0xCB,0x11,0x0B,0xC0,0xB4,0xB0,0x3E,0x50,0xF6,0x17,0x58,0xF7,0xB8,0xEF,0xF5,0xEB,0x9A,0x7B,0x11,0x42,0xA4,0x77,0x4B,0xE3,0x75,0xBF,0x31,0xD5,0x06,0xDA,0xEC,0x6A,0xA7,0xA7,0x80,0x4D,0xAD,0x40,0xB9,0x16,0xA5,0x5F,0x2F,0x09,0x7B,0xAC,0x01,0xFE,0xF5,0x1B,0xF3,0xF0,0x53,0xF4,0x1A,0x84,0xAE,0xE6,0x17,0xFB,0xCE,0x15,0x84,0xB3,0x25,0x55,0xB9,0x17,0x0A,0xE8,0x05,0x50,0xD7,0xE7,0xC5,0x7A,0xAD,0x3D,0x31,0x60,0x2C,0xA6,0xF0,0x8C,0xCF,0x31,0xCC,0x4C,0x4E,0x27,0x08,0xA4,0xBE,0xBC,0xE4,0xFF,0x34,0x11,0xBA,0xA8,0x65,0xED,0xF7,0xAE,0xAF,0x56,0xF5,0xAA,0xE1,0xD8,0x10,0x73,0x2D,0x9F,0x0D,0x8F,0x4E,0x20,0xBB,0xE3,0x92,0xB2,0x59,0xD1,0xCE,0xAA,0x94,0xCF,0x0B,0x3F,0x32,0xC3,0x61,0x94,0x19,0x12,0x23,0x16,0x56,0xBE,0x2E,0x61,0x85,0x31,0x92,0x0F,0x9E,0xF0,0xA3,0x73,0x76,0x4C,0xB0,0x29,0xC9,0x8D,0x76,0xD6,0x61,0x18,0x8A,0x1F,0xBE,0xF1,0xD2,0xF8,0xCE,0xB8,0x8E,0xEF,0xAE,0xAC,0x4D,0xF0,0x88,0x50,0x71,0xA8,0x74,0x14,0xF1,0x6D,0xEC,0x57,0x2D,0x57,0x1F,0x9D,0x80,0xD0,0xFE,0x61,0x81,0x7B,0xC1,0x5D,0xE9,0xB4,0x9B,0xBA,0xD9,0x2F,0xE8,0x9E,0x07,0x89,0xA1,0x35,0xBC,0x6E,0x07,0xBD,0x63,0x44,0x56,0x19,0x87,0xDA,0xDD,0xCF,0xB1,0x85,0x6C,0xC2,0x57,0x73,0xBE,0x71,0x3F,0x86,0x4B,0xFC,0x2F,0xAF,0x61,0xBC,0xAF,0xE2,0x79,0xF3,0xF5,0xE8,0x3C,0xBD,0xD7,0xBC,0x86,0xB5,0x81,0x28,0x32,0x6E,0x36,0xCB,0x99,0x26,0xA8,0x47,0x44,0x68,0xDA,0x2C,0xA4,0x23,0x9F,0x18,0x4E,0x37,0x82,0x38,0xBC,0x6C,0xA8,0x04,0xCB,0x3C,0xD6,0x76,0xE1,0x52,0x1E,0x4B,0x79,0xF8,0x84,0xB5,0x56,0x17,0x71,0xA7,0x50,0xE6,0x85,0x3E,0x96,0x7B,0xED,0x32,0x8C,0x6A,0xC3,0xF2,0x8E,0xA3,0x78,0x67,0x8A,0xD9,0x6A,0x5E,0xC9,0x71,0x1D,0x84,0xD4,0xB7,0xBC,0x2A,0x7C,0x2B,0x4A,0x30,0x58,0x67,0x3A,0xC6,0x83,0xD0,0x57,0xAD,0x3A,0x47,0x4F,0xD9,0xC1,0x38,0x72,0xD0,0x02,0xF4,0x96,0x6D,0x07,0x3B,0x31,0x2E,0x2B,0x60,0x7E,0x98,0x87,0x4D,0x21,0xF8,0xD5,0x49,0x57,0x8D,0x69,0x6F,0x71,0x86,0x97,0x59,0x16,0x3F,0xC8,0x72,0x2A,0x28,0x6E,0xC8,0xD3,0xF6,0x81,0x5F,0x4D,0x07,0xD6,0x11,0x8B,0xF0,0x44,0xAC,0x67,0x80,0x5B,0xE0,0xE2,0xCD,0x14,0x36,0x55,0x9C,0xE2,0xA8,0x34,0x68,0xE0,0x63,0x9F,0xF4,0x67,0xA1,0xDE,0x99,0xED,0x3A,0x57,0xC4,0x61,0xBA,0xC5,0xAA,0x51,0x85,0xA6,0xC5,0xFC,0x88,0x9A,0xCA,0x82,0x47,0x86,0x18,0x7D,0xDD,0x94,0xD2,0xDD,0x7D,0x95,0xB6,0xB8,0x85,0xDD,0x7B,0x08,0x15,0x34,0x79,0x70,0x35,0x7D,0x32,0x3E,0xA0,0xD7,0xAD,0xAC,0x15,0xD9,0x49,0xF3,0x8C,0xFC,0x89,0x33,0xFA,0x99,0xFD,0xCC,0x3F,0xF4,0xA1,0xD9,0xC7,0xAC,0xD7,0x4B,0x5C,0x71,0xBC,0xBE,0x27,0x39,0xEA,0x07,0x87,0x06,0x9E,0xBF,0xD7,0x56,0xEB,0xA8,0xB1,0x4D,0xAD,0x01,0x8A,0xCD,0xA3,0x4E,0x2C,0x1F,0x27,0x19,0x2E,0x32,0x8E,0x55,0x21,0x7D,0x37,0xB9,0x63,0x44,0x44,0x88,0x25,0x86,0x2F,0x94,0x8B,0xA4,0x24,0x87,0x08,0x3D,0x11,0xAC,0x68,0x96,0xFA,0x78,0x2D,0x44,0x52,0xD5,0xB4,0x60,0x61,0x3F,0xA7,0xD7,0x75,0x45,0x0A,0x00,0xDF,0xE2,0x2B,0x05,0x8B,0x72,0x36,0x9F,0x9A,0x19,0x4D,0xEF,0x32,0x00,0x4D,0x4F,0x59,0xFE,0x7C,0xA4,0x78,0xFF,0x44,0x3A,0x7C,0x2E,0xBE,0x2A,0xEC,0x1C,0x04,0xE9,0xCF,0x97,0xED,0x90,0xB6,0x59,0xD2,0xD4,0xEE,0x34,0x7B,0x48,0xDC,0x2D,0xAB,0x8E,0xF9,0xD5,0xE9,0xA9,0x54,0x01,0x94,0x52,0xE7,0x93,0x37,0xA0,0xCF,0xD4,0x27,0xA1,0x38,0x9F,0x4B,0xAA,0xC6,0xB9,0x36,0x9D,0x25,0x56,0x9A,0x9A,0x26,0xA5,0x04,0x78,0x8A,0xFC,0x79,0xF0,0x1A,0x4F,0xEE,0x04,0x80,0x70,0x92,0x8E,0x24,0x87,0xD8,0xFF,0x53,0x21,0xFE,0x63,0x79,0x51,0xDA,0x4F,0x2E,0x1A,0x46,0x84,0xA3,0x11,0xF7,0x32,0x21,0x1A,0xD9,0xD4,0xA2,0x19,0x56,0x61,0xE2,0xD5,0x4C,0x8D,0xF6,0x06,0xA7,0xCB,0x14,0x95,0x53,0x1C,0xD4,0xEF,0x05,0x7B,0xA5,0x4E,0x46,0xA3,0x44,0x93,0x01,0x46,0xE3,0x76,0x8E,0xD3,0xCB,0xB9,0x20,0xCC,0x27,0x15,0xC5,0x05,0xEB,0xE3,0x1A,0x21,0xA6,0x89,0xAA,0xDF,0x3C,0xCD,0x2E,0x5B,0x6E,0x5B,0xF8,0xE0,0xFE,0xB9,0x69,0x3E,0xD6,0x99,0x37,0x93,0x22,0x89,0x9C,0xF4,0x03,0xC1,0xAA,0x31,0xE6,0x7F,0xA3,0x6D,0xFB,0x50,0x69,0x93,0xCA,0x79,0xD1,0x68,0x16,0x0E,0x89,0xC1,0x63,0x5D,0x85,0x30,0xD0,0x86,0xC5,0xF3,0x91,0x1C,0x7B,0xED,0xC9,0x33,0x14,0x08,0x11,0x7A,0x5A,0xE5,0x0E,0xB4,0xDF,0xC3,0x59,0x11,0xCC,0x6C,0x94,0xD5,0x48,0xC4,0x32,0x48,0x31,0xAD,0x1E,0xF3,0x96,0x1A,0x7E,0x03,0x64,0x85,0xA6,0x68,0x9F,0xF7,0xB5,0x8A,0x11,0x43,0xF2,0xEC,0x83,0xED,0x21,0x0C,0xCA,0xD8,0x23,0x5B,0xB1,0x46,0x59,0x49,0x80,0xAD,0xDC,0xB9,0x55,0xCB,0x08,0x51,0xBD,0xF7,0x90,0x78,0x15,0xF2,0x40,0x8B,0x7A,0xFB,0x1C,0xA9,0x5C,0x83,0x90,0x8A,0x69,0x0D,0xC6,0xC2,0x62,0x86,0xC7,0x0D,0xE0,0x4D,0x75,0x99,0xC9,0x1D,0xB0,0xFE,0x1D,0x26,0x33,0x02,0x02,0xE4,0x3C,0x99,0x34,0x1B,0x0A,0xC2,0xF0,0x56,0xF9,0xC7,0x8C,0x01,0x29,0xFD,0xF0,0x3B,0xF1,0x25,0x92,0x91,0xC7,0xC1,0xAE,0xE8,0x42,0xB7,0x01,0xBB,0xB0,0xB7,0xCC,0x7E,0x91,0x71,0x3E,0x1B,0x30,0x13,0x1C,0x73,0x82,0xE8,0xD2,0x26,0x73,0x30,0xE6,0xFB,0x62,0x84,0xFF,0xAE,0x13,0x22,0xFF,0x93,0x90,0xD9,0x21,0x53,0xBE,0x12,0xD0,0x40,0xF8,0x76,0x8C,0xEA,0x97,0x6F,0x1D,0x88,0x97,0x24,0xF0,0xF3,0x77,0x91,0x2C,0x24,0xCC,0xF2,0xF1,0x97,0xF4,0xB9,0x0E,0x21,0x4B,0x54,0x6C,0x75,0xD9,0x4C,0xB3,0x37,0x0A,0xC1,0xFD,0x76,0x7D,0xDD,0xDC,0x23,0x88,0xE9,0xBF,0xA4,0xC6,0xC2,0x3D,0x19,0x81,0x90,0x9F,0x32,0xB7,0x95,0x4B,0x27,0x60,0x3D,0x0B,0x13,0x40,0xF4,0x75,0x68,0x1C,0x40,0xD9,0x8A,0x20,0xEC,0xDA,0xEE,0x8A,0x3D,0xD3,0xDA,0x4A,0x24,0x29,0x95,0x7D,0x4C,0xE3,0x4B,0x50,0xF6,0x49,0xED,0x12,0xF7,0xA1,0x6F,0xED,0x81,0x85,0x56,0x96,0xAD,0x16,0x70,0xC4,0xE4,0x3D,0x18,0xBF,0xA3,0x41,0x2A,0x68,0xD7,0xE3,0x4D,0xB8,0xCE,0x32,0xE3,0x7F,0xF3,0x46,0x51,0x6B,0xB1,0x38,0x1F,0x82,0x2D,0x4E,0xC3,0x62,0x3B,0x72,0x7A,0xDB,0xC6,0x1D,0x5B,0xD4,0xA9,0x94,0xC2,0x22,0x01,0x88,0xEE,0x27,0xEA,0x6D,0xC8,0x51,0xAA,0xB3,0x8A,0x57,0xE6,0x88,0x33,0x5D,0x2F,0x1C,0xB0,0x78,0xD3,0xAA,0xDE,0x67,0xD6,0xA1,0x92,0x2E,0xE3,0x44,0x90,0xA1,0x06,0xC3,0x64,0x1F,0x1F,0xF2,0xA6,0x34,0x11,0x2B,0x8C,0x28,0x14,0xE5,0x19,0xDA,0xC3,0xC9,0x30,0x27,0xC9,0xE1,0x6A,0xB5,0x3D,0xA0,0x49,0x54,0x25,0x4E,0x9B,0x11,0xAD,0x79,0xB1,0x3F,0x08,0x88,0x9C,0x54,0xC8,0xAF,0x67,0x33,0x63,0x7A,0x37,0x3C,0x00,0x04,0x3B,0xDF,0xB1,0xDF,0x50,0xAB,0xC4,0x3A,0x4F,0x01,0x70,0x07,0xF8,0xA3,0x3E,0x16,0x8E,0xA8,0x06,0x5B,0x23,0x6F,0xBE,0x7C,0xBD,0x05,0xB4,0x5F,0x82,0x42,0xE4,0x22,0x7D,0x37,0x02,0xC0,0xF7,0xF1,0xA8,0xB5,0x48,0xDF,0x19,0x0F,0x88,0x66,0x32,0x2E,0x3F,0xC2,0xE3,0x46,0xA2,0xAC,0x4D,0x75,0xCA,0x9A,0xF4,0x56,0xF0,0xD2,0x55,0xA2,0x5E,0xF2,0x55,0x63,0xDA,0xC9,0x20,0xB0,0xC5,0x48,0x33,0x4D,0x3B,0x63,0x7F,0x83,0x37,0xB2,0x03,0xAE,0xBF,0x68,0x58,0xCF,0xF8,0x7A,0xD5,0xD0,0xE6,0x32,0x34,0x3C,0xA2,0x63,0x6D,0x59,0xC7,0xD7,0x0F,0x92,0x50,0x0B,0x0D,0x31,0x87,0xEA,0x90,0xF8,0xDA,0x35,0xB1,0x45,0xD1,0x91,0x1F,0x0F,0x8A,0xDE,0x69,0x39,0x2F,0x86,0x0B,0x17,0xA2,0x96,0x86,0xB1,0x0C,0xA9,0x21,0x5F,0x60,0xC8,0x0F,0xF6,0xF2,0x6B,0xA1,0xA1,0x31,0x07,0x57,0x3D,0x6E,0xF9,0xC7,0x77,0xB3,0xA9,0xA1,0x88,0xC8,0x0B,0x3B,0x0D,0xF3,0xA0,0x93,0xB1,0xBE,0xD4,0xD5,0x29,0x4C,0x05,0x4D,0xD3,0x3B,0x42,0x78,0x3C,0x4E,0x28,0x07,0x5D,0x78,0x58,0xF4,0x99,0x10,0xD6,0x0F,0x95,0x37,0xA2,0x28,0xCD,0x67,0xB7,0x69,0x08,0x1B,0xE4,0x9B,0xE0,0xEA,0xBA,0xF6,0x71,0x4A,0x5D,0xAB,0x5D,0x35,0x47,0x53,0x4A,0x1C,0x29,0xA4,0xC0,0x28,0x13,0xC7,0x52,0xC9,0x82,0x53,0x13,0x1B,0x70,0xEA,0x99,0x50,0xEB,0x68,0x07,0x82,0xD7,0x47,0x99,0xED,0x47,0x9F,0xB2,0x4C,0xDF,0x4A,0x64,0xA3,0x57,0x3B,0x81,0xEC,0x2A,0xD2,0x10,0x65,0x02,0x54,0x4E,0x88,0x18,0x55,0x84,0x63,0xF3,0x24,0xDC,0x28,0x48,0x20,0xFA,0x0D,0x54,0xF4,0x0C,0xB0,0x45,0xB8,0x29,0xD4,0x27,0x12,0x65,0x91,0x5E,0x2C,0xA6,0x4C,0xFF,0x1F,0x6E,0x16,0x5F,0xA2,0x82,0x6C,0x64,0xC0,0x75,0x63,0x19,0x36,0xB5,0xA9,0x16,0x57,0x4B,0xEB,0x02,0x6B,0x46,0xE5,0x04,0xF9,0x3D,0xFB,0x69,0x47,0x8F,0xF3,0x93,0xAE,0x3F,0x24,0x8E,0xB7,0x69,0x75,0xDB,0x8F,0x9F,0xE8,0xEE,0x12,0xAB,0x24,0xC3,0x20,0x58,0x5F,0x48,0x4E,0xD4,0xC9,0xCE,0x70,0x24,0x96,0x11,0xC5,0x7B,0x24,0xF9,0x87,0x1A,0xC7,0x37,0x9B,0x87,0x4A,0x53,0xA3,0xA0,0xFB,0x6D,0x17,0x73,0x67,0x9F,0xCC,0xA0,0x77,0x95,0xE2,0x3F,0x9E,0xDA,0x5C,0x79,0x83,0xCF,0x52,0x22,0x1E,0xF6,0x1D,0xFA,0x9D,0xF5,0x0A,0xBA,0xFC,0xBE,0xF5,0x7B,0x59,0xC4,0xF6,0x4D,0x7A,0xF9,0xB7,0xB1,0x17,0x37,0x11,0x3E,0xFF,0xF1,0x94,0x3D,0xD1,0x48,0x5A,0xC6,0x54,0x3E,0x0B,0xFD,0xD6,0xC8,0x57,0xD6,0x80,0x10,0x14,0xC5,0x8C,0x4F,0x1E,0x4F,0xE0,0xCD,0x43,0xF8,0x0D,0x95,0x04,0xCF,0x1A,0xF7,0x17,0x3C,0xFB,0xE0,0xC8,0x5E,0xAC,0x16,0xBE,0xA8,0xD4,0xBE,0x28,0xA5,0xA9,0x4E,0x25,0x02,0xE1,0x00,0xBF,0x30,0xBC,0x86,0xD3,0x1C,0x44,0x67,0xC8,0x69,0x21,0x1A,0x9D,0x51,0x1E,0x59,0x93,0xDF,0x6F,0x13,0x59,0xA3,0xBD,0x5F,0x32,0x45,0x3C,0x56,0xD5,0x3F,0x1B,0x38,0xB9,0x52,0xFD,0xB7,0xAE,0xEC,0xAD,0xCF,0xC2,0x2F,0x7E,0x7C,0x55,0x38,0x8F,0xE9,0x83,0xA5,0x1A,0x93,0x92,0x21,0xC1,0x8F,0x3C,0x96,0xA0,0xC7,0x2A,0xCB,0x81,0xBA,0xBC,0x4D,0x2E,0x4D,0x36,0x21,0x6D,0x92,0xC1,0x94,0x3E,0x57,0x32,0x4B,0xEF,0xF2,0x4E,0xEF,0xF4,0x7D,0xB0,0x2A,0xDD,0x2B,0x5B,0x6A,0x52,0x87,0x66,0xB3,0x4F,0xD2,0xD7,0x48,0xE9,0x14,0xC9,0x49,0xD1,0x1E,0xFC,0x28,0x2C,0x79,0x92,0x96,0xEB,0xDA,0x9B,0x06,0xF2,0x44,0x9B,0xD6,0x3F,0x01,0x31,0x7A,0xFB,0x10,0x4C,0xB4,0x52,0x98,0xAB,0xD1,0x64,0x3F,0x21,0xBE,0xE9,0x1A,0xF1,0x1D,0x34,0x44,0x7C,0x91,0xC3,0xEB,0xDB,0x9F,0xD5,0x04,0xF1,0xB9,0x7E,0x4E,0xFD,0x9D,0x1B,0xDC,0x57,0x5B,0x69,0x2F,0x14,0xDD,0xBB,0xCA,0xBE,0x6E,0xE3,0x4E,0x2C,0xCE,0xDE,0x5E,0xEB,0x04,0xE9,0xEC,0xDB,0xF2,0x59,0xE9,0xAA,0x85,0x53,0x69,0x47,0x78,0xD5,0xB7,0xA1,0xBA,0x4C,0xFD,0xEA,0xD6,0xD9,0x3E,0x61,0xB9,0x30,0x36,0x36,0x32,0xF6,0x76,0x30,0x9C,0x5D,0x2B,0x0B,0xBF,0x6B,0xA7,0x65,0xBE,0x33,0xB1,0xBB,0x44,0x4B,0x6D,0x90,0xB5,0xAD,0xE8,0x18,0x11,0x8C,0x45,0x8F,0x63,0x93,0x21,0x31,0xD1,0xF2,0x7E,0xA4,0x9A,0x5A,0x12,0x33,0x46,0x1A,0xDC,0xEC,0xD9,0x74,0xB9,0xBF,0x54,0x47,0x50,0x08,0xCB,0xAF,0xF0,0xFE,0xF1,0x46,0xAF,0xB8,0x65,0xC0,0x6D,0x86,0x18,0x93,0x72,0xB6,0x0E,0xAA,0x5D,0x87,0x2E,0x5D,0x5D,0xE1,0x8C,0xF0,0x95,0xDD,0x75,0x27,0xDC,0x36,0xDD,0x72,0xB2,0x2E,0xD4,0x34,0xB3,0xFE,0x94,0xC4,0x58,0x6B,0xA9,0x76,0xD2,0xFE,0x1A,0x07,0x7F,0x78,0x7A,0x24,0x21,0x26,0xD6,0x67,0xCB,0x68,0x0B,0xB7,0xAA,0xC1,0xCD,0xA6,0x56,0xAA,0x97,0xBE,0xBC,0x22,0x59,0xDB,0xED,0xFB,0xAB,0xAE,0x88,0x67,0x4D,0x14,0x40,0xB6,0xE0,0xF7,0x32,0x87,0xA3,0xBF,0xA4,0x6F,0xBA,0x4C,0xBC,0xA1,0x15,0x8E,0xE6,0xF1,0xC4,0xAD,0xE6,0xF1,0x3D,0x5B,0x86,0xFB,0xF8,0x83,0xD5,0x37,0xED,0x77,0x74,0xDB,0x2E,0x5A,0x1B,0x29,0x56,0x4E,0x6C,0x44,0x25,0xF9,0x89,0x07,0x7C,0xAB,0xB4,0x01,0x8B,0x35,0x5E,0xF2,0x5A,0x39,0xE0,0x53,0x2E,0x82,0x67,0xD6,0x11,0x4A,0xB2,0xBC,0xED,0x13,0x74,0x6A,0x90,0xE7,0x12,0xFE,0xF9,0x25,0x90,0xF2,0xD1,0x6B,0x4D,0x68,0xAE,0x5D,0xAA,0xDA,0x3A,0xC6,0x95,0x34,0x62,0x2A,0x30,0x77,0x95,0x70,0xD8,0x9E,0xE0,0xC9,0xE1,0xE8,0xE4,0x22,0x57,0x97,0x73,0x46,0x25,0xDB,0x10,0xF8,0x62,0x67,0x5A,0x8F,0x98,0x02,0x5E,0xD7,0x6F,0xC6,0x7C,0xC1,0xAB,0x24,0x86,0x09,0x3D,0xA5,0x61,0x89,0x37,0xB3,0xB6,0x9F,0x92,0x44,0x22,0xA4,0x95,0x6E,0xBA,0x3B,0xD1,0xC0,0xC4,0x17,0x97,0x5D,0xDC,0xCF,0x9D,0x0B,0xE9,0xCB,0x37,0x30,0xCE,0x9C,0xEF,0x39,0x95,0x0D,0xDA,0xBE,0x9C,0x70,0x2B,0xCD,0xD9,0x2A,0x4C,0xED,0x40,0x42,0x50,0xCD,0x57,0xDD,0x39,0xF3,0xDB,0xA7,0x22,0x3B,0x12,0x98,0x60,0x86,0x86,0xB0,0x33,0x9B,0x72,0xEA,0x99,0x7D,0xFF,0xBF,0x4F,0x89,0x6C,0x13,0x56,0x0D,0x66,0x67,0xCD,0xAA,0x4A,0x92,0x32,0x2B,0xDF,0x4C,0xB0,0x29,0xDD,0x49,0x37,0x1E,0x74,0x1F,0xB3,0x96,0x35,0x64,0x56,0x4B,0x73,0x63,0x69,0x87,0x6B,0x8A,0x3B,0xAB,0x96,0x6A,0x7A,0x6C,0xF1,0xBA,0x94,0xA0,0x42,0xFF,0x23,0x0D,0x16,0x02,0xDC,0x06,0xCA,0x6B,0x68,0x47,0xBC,0x50,0xBC,0x6C,0x8A,0x5A,0xDF,0x45,0xA2,0x7D,0x22,0xAF,0x77,0x4C,0x9E,0xAA,0x69,0xF0,0x3A,0xA9,0x7C,0x61,0xEE,0xE6,0x28,0x28,0x41,0x46,0xA0,0xF9,0xED,0x3A,0x66,0x5A,0xAA,0x27,0x3B,0x07,0xBB,0x99,0x89,0x81,0x8F,0x9A,0xDF,0xE0,0x5A,0x57,0xEB,0x81,0x4B,0xA5,0x3D,0x76,0x35,0x12,0xBA,0x9C,0xEE,0x97,0x2E,0x06,0x93,0x01,0xE8,0x23,0x7A,0x58,0xC1,0xC3,0xAB,0xAA,0x97,0xEE,0xDF,0x45,0x91,0xEE,0xDA,0x51,0x83,0xCC,0x56,0x70,0x5E,0x93,0xAB,0x9B,0x56,0xB3,0x1A,0x1D,0x18,0x81,0xB0,0x94,0x88,0x71,0xED,0xAA,0xF5,0x1E,0x67,0x17,0x16,0xA5,0x7D,0x0C,0x5A,0x95,0xF7,0xCC,0xE3,0xCA,0xD6,0x9D,0x0B,0x77,0x85,0x18,0xB7,0x9A,0xC4,0xE9,0x54,0x8D,0xEA,0xFD,0x40,0x8F,0xA6,0xCF,0x08,0xB2,0xDB,0x58,0x8C,0xC7,0x2E,0x44,0x9A,0x92,0xB2,0xE8,0xC8,0xEC,0x78,0x7D,0x90,0x7D,0x28,0xE1,0xF7,0x5D,0xEA,0x73,0x1D,0xF2,0x8F,0xC7,0xA0,0x0B,0xAE,0x55,0xDA,0x84,0xB9,0x8A,0xBE,0xC6,0x5C,0x9F,0xA9,0x4C,0xA0,0xEA,0xCE,0xD0,0x6C,0x96,0x66,0xB6,0x90,0xA0,0xF1,0xC9,0xFE,0x83,0xF7,0xE8,0x2A,0xDE,0x7D,0x88,0x08,0xE4,0xA1,0x2A,0xA3,0x6A,0x89,0xED,0x66,0x2D,0xC9,0x25,0xA3,0xE0,0xAA,0x0D,0x31,0x8E,0x17,0xA9,0x20,0x38,0x26,0x25,0xAD,0x1A,0x0A,0x97,0xB9,0xB0,0x31,0x00,0xE1,0x41,0x83,0x48,0xC4,0xF7,0xE5,0x86,0x73,0x1C,0x26,0x5E,0x4C,0xB1,0x64,0x19,0x4B,0xE3,0x0A,0x3F,0x8E,0xB9,0xFB,0xAC,0x59,0x9D,0xA9,0x3D,0x3E,0xCF,0x53,0x9A,0x3B,0x2B,0x00,0x62,0x9D,0x91,0x42,0x41,0xF0,0x38,0x31,0x31,0xD9,0xB7,0xED,0x66,0x9B,0xBF,0xB0,0x4E,0xD9,0x33,0x9D,0x9B,0x04,0x02,0x70,0xCF,0x41,0x92,0x4B,0x65,0x2D,0xD8,0x70,0x02,0x00,0x77,0xC3,0xD2,0xC2,0x06,0x25,0x22,0x94,0x21,0xF9,0x19,0x54,0xF5,0xA0,0x8B,0x3F,0x9E,0x91,0x66,0xB3,0x7C,0x92,0x81,0xAB,0x47,0xA0,0xBD,0x9A,0xAF,0x43,0xEB,0xAB,0xB3,0xE7,0xC4,0x7D,0x20,0xAF,0x2E,0x26,0xF8,0xB0,0xDB,0x58,0x70,0xEC,0xF1,0x0D,0xA5,0xBD,0xFC,0x18,0xC5,0x23,0xC1,0x8D,0x6D,0x47,0x7F,0x18,0x15,0x49,0x73,0x86,0xA6,0x27,0xB4,0x60,0x1A,0x5B,0x9D,0x03,0xE4,0x11,0xEC,0xF6,0x9C,0xA8,0x09,0x17,0x02,0x8E,0x20,0x7A,0xFE,0x7B,0xF0,0xA2,0x4E,0x67,0x45,0xE8,0x63,0x27,0x3B,0x4B,0xD6,0xF5,0x11,0x61,0xAA,0xAD,0x7D,0x4F,0x0E,0xEE,0x37,0x4F,0x30,0x90,0x43,0x3B,0x3C,0xB5,0x26,0x1D,0xB3,0xFE,0x96,0xFD,0x05,0x94,0x34,0x50,0xC5,0x73,0x98,0x82,0x57,0x41,0x0E,0x99,0xC5,0x72,0x8F,0x21,0x2F,0x11,0x7D,0x0E,0x3F,0x64,0x8C,0x2A,0x99,0x21,0x29,0x4C,0xF2,0x7B,0xB0,0x1F,0x88,0x3E,0xA0,0xC7,0x17,0xCA,0xAA,0xA7,0xC1,0x49,0xED,0x3E,0xE8,0x8C,0xBD,0x52,0xE2,0xF8,0xDC,0x8B,0x69,0x26,0x48,0x02,0xF3,0x82,0x13,0xC2};


static byte	devcfg_82[]={0xAE,0x11,0x53,0xAE,0x51,0xEF,0x4A,0x72,0x7A,0xE1,0x8D,0x2A,0xE2,0x04,0xE6,0x61,0xAC,0xE5,0xD4,0x0A,0x8E,0xC3,0xCC,0x85,0x2B,0xDF,0x01,0xBA,0xB8,0xFE,0x5B,0x1B,0x2E,0xE6,0xF2,0x42,0x48,0x07,0xB5,0x21,0x56,0xF8,0x5A,0xE9,0xDA,0xE6,0x56,0xEC,0xAB,0x76,0xA7,0x1A,0xD8,0xD7,0x22,0x18,0xC9,0x67,0x0E,0x75,0xB6,0xE8,0x75,0x3B,0xD0,0x94,0x35,0x85,0x19,0x4F,0xA1,0xFE,0xD7,0xCF,0xEE,0x5F,0xA2,0x8D,0xD0,0xD3,0x86,0x0B,0x65,0x95,0xB3,0x91,0xF9,0x08,0x90,0xD5,0x91,0x49,0x76,0xDD,0x6F,0xC9,0x75,0x0C,0x45,0x13,0xFB,0x6D,0x68,0x9A,0xB1,0xF1,0x1B,0x94,0xE3,0xFE,0x38,0xCE,0x74,0x42,0x7E,0x77,0x49,0xF2,0x3C,0x38,0x33,0x96,0xA9,0x8D,0x36,0x5E,0x03,0x2B,0x70,0x0F,0x23,0x93,0x85,0xB9,0x74,0xC8,0xC1,0x78,0xE2,0xA7,0x50,0xA5,0x17,0x48,0x5A,0x54,0xDF,0x4A,0xB9,0x2A,0x3C,0x18,0xDC,0xD7,0x72,0xA3,0x98,0x2B,0xF7,0x87,0x0B,0x2D,0xA0,0x50,0x72,0x71,0x65,0xA4,0x6D,0x71,0x23,0x98,0x2C,0x64,0xB6,0x0B,0xF8,0x39,0x80,0x76,0xC1,0xD6,0xD2,0x4A,0x9B,0x24,0x24,0xD2,0x43,0x68,0x66,0xDB,0xB0,0x93,0x45,0x07,0xA6,0x4F,0x52,0x2C,0x53,0xD3,0xDB,0xE8,0xA1,0x95,0x05,0x13,0x34,0xC8,0x37,0xEA,0xF4,0x06,0x8D,0x2F,0xD8,0x94,0x71,0xCA,0x27,0xC7,0xA1,0xB5,0x28,0xD2,0x13,0xE6,0x06,0xFE,0xD9,0x32,0x99,0x27,0x22,0xE0,0x65,0xC8,0x4A,0x35,0x8C,0xBA,0x70,0xD4,0xAE,0x62,0xFE,0x48,0xC2,0x59,0x4D,0xFC,0x5D,0x93,0x3C,0xA3,0x4B,0x1C,0x33,0xE3,0xCA,0xCD,0xA9,0x8C,0xE5,0x56,0x66,0xDA,0x03,0x23,0xD4,0x2F,0xBF,0xCA,0x71,0x44,0x5E,0x5A,0xEA,0x06,0xF0,0x86,0x77,0xAD,0x1A,0x96,0xCF,0xE7,0x3D,0xD8,0xB5,0x6B,0xDC,0x3C,0xFC,0x5C,0x65,0x50,0xE2,0x15,0xDA,0x83,0xF7,0xDE,0xDC,0x0F,0x91,0x55,0xEA,0x5A,0x26,0x03,0x65,0xCC,0x46,0xE5,0x63,0x73,0x7F,0xA9,0x8D,0x1B,0xD8,0x91,0x9A,0x9F,0x94,0x1B,0xA7,0x14,0x44,0xBB,0x2B,0x75,0xA2,0xAC,0xC7,0xD7,0x42,0x9F,0x1D,0x4B,0x89,0x90,0x27,0x12,0x1A,0xB3,0xD4,0x34,0xDB,0x69,0x4C,0x87,0xE1,0xBB,0xED,0x90,0xD7,0x33,0x99,0xB0,0x07,0xC2,0xB3,0xF9,0x43,0xCD,0x3D,0x78,0x1D,0x8B,0xC4,0x9A,0x8B,0x74,0xAD,0x73,0xC6,0x74,0xA0,0xF7,0x67,0x99,0x58,0x14,0xDF,0x06,0x57,0xF2,0x3C,0x8F,0x33,0x9D,0xA3,0xF0,0x51,0x66,0xC5,0xD7,0x16,0x95,0x0A,0xE7,0x0F,0x1E,0xDD,0x41,0x88,0xC3,0x91,0x73,0x6C,0x87,0xF3,0x2F,0xAF,0x08,0x2E,0x8F,0x06,0x05,0x78,0xA6,0x77,0xE9,0x29,0x1F,0x13,0x08,0x4A,0xB2,0xD3,0x9D,0xCB,0x25,0x7A,0xDD,0x1E,0x1B,0x99,0xDE,0x8A,0x95,0x13,0x88,0xDD,0x18,0x35,0x08,0x69,0x13,0xF8,0x7F,0xBA,0x80,0xE2,0xEA,0x81,0x3E,0x8F,0x9E,0xAA,0x0E,0x21,0x3A,0x57,0x02,0x09,0x3E,0x12,0x50,0x8D,0xF8,0x8A,0xB9,0x4B,0x12,0xE5,0xA0,0x85,0xDB,0xAD,0xAF,0x63,0xCF,0x7B,0x80,0x51,0x5D,0x87,0x93,0x47,0xA4,0x7F,0xD2,0x70,0xA7,0x15,0xAD,0xDA,0x90,0x6A,0x25,0xDA,0x8F,0x80,0x18,0xC4,0x51,0x85,0xF3,0xA7,0x5F,0xE6,0x49,0xF9,0x02,0xAC,0x7E,0xDA,0xBB,0x84,0x10,0x89,0x6F,0xB3,0xF5,0xF3,0x85,0x60,0xC9,0x43,0xE7,0x58,0x66,0x1E,0x92,0x60,0xCE,0x77,0xC2,0xA9,0xC3,0x28,0xE1,0xDE,0x93,0x4A,0x3C,0x79,0xA9,0x4E,0xD5,0x19,0x41,0xDC,0x8E,0x80,0xC3,0x5F,0xFF,0x84,0x75,0xF9,0xEB,0x71,0x36,0xBB,0x26,0xF2,0x51,0x1C,0x2B,0x43,0x7B,0xFB,0x55,0x53,0x12,0x20,0xD9,0x7B,0xA0,0xB6,0x77,0x1F,0xD3,0x76,0x7A,0x0F,0x58,0x88,0xE6,0xF4,0x46,0x70,0x97,0x93,0x61,0x0A,0x22,0xB6,0xDC,0x3E,0x18,0x83,0x84,0x62,0x2A,0xDD,0xAE,0xB2,0x31,0x5D,0x0D,0x86,0xAB,0xCA,0x59,0x9F,0x63,0xF0,0xEF,0x0C,0x7B,0x95,0x69,0xF2,0x45,0xA0,0x7E,0xE7,0x23,0x44,0xA1,0xEF,0x24,0xD5,0x5A,0x1E,0xE4,0xC6,0xCE,0x27,0xC7,0x35,0xF2,0xF8,0x75,0xF6,0xDC,0x42,0x13,0x95,0x65,0x96,0x4F,0xAB,0xBB,0xD6,0x59,0xA8,0x51,0xCC,0xCA,0x54,0xFF,0x60,0x02,0xAA,0x61,0xBB,0x04,0x9B,0x84,0x37,0xD7,0xD8,0xFC,0xD9,0xBE,0x0F,0x6E,0x4E,0xB9,0x69,0x07,0x61,0xD3,0xD0,0xD3,0xA5,0x9B,0x3E,0xFD,0x54,0x9F,0xA4,0x43,0xFC,0xD4,0x72,0x02,0xE1,0xEA,0x9F,0x6C,0x36,0x72,0x18,0x8F,0xE1,0xE6,0x45,0x06,0x10,0x9A,0x8B,0x65,0xC4,0x9C,0x81,0xB7,0x67,0x0A,0xC2,0xB0,0x7F,0xF8,0xFB,0xBE,0x79,0x7F,0x1D,0xCB,0x6B,0x3E,0xA3,0x56,0x3B,0xCE,0xDA,0x83,0xF2,0xDF,0xBE,0x33,0x0C,0x1C,0x8D,0x4E,0xFA,0xA6,0x83,0x9C,0xEC,0x11,0xF6,0x6D,0x88,0xD9,0x70,0x22,0x39,0xA2,0xBE,0x62,0x7A,0xFC,0x2C,0x76,0x1B,0xFD,0x74,0xE3,0x4C,0x0A,0x07,0x8A,0x9E,0x1C,0x81,0x13,0x2E,0x5B,0xD3,0xB4,0x91,0x8B,0xB5,0x9F,0x28,0x09,0x1C,0x8A,0x7A,0x83,0xAD,0xE3,0x2A,0x46,0x07,0x1E,0x78,0xA6,0x1E,0xEF,0xA6,0x24,0x43,0xD3,0xF9,0x81,0xF1,0x4F,0xCB,0x9B,0xA2,0x43,0xA2,0x2B,0xF9,0xA0,0x5B,0x37,0xE8,0xF7,0x37,0x39,0x69,0xB4,0xF3,0x41,0x99,0x1A,0xED,0xDA,0xFB,0x5F,0xF2,0x3D,0xBC,0xCD,0x66,0xFE,0xB3,0x30,0x29,0xE0,0x51,0xF3,0xE3,0xA0,0x30,0x7F,0xC7,0x23,0x13,0xBA,0xA5,0x9E,0xA5,0xE3,0x47,0x75,0x22,0xF2,0xF5,0x94,0xCF,0xC3,0x37,0x1C,0x1F,0xB2,0x9E,0xA8,0xED,0x8D,0xFE,0xC8,0xDE,0xCA,0x1B,0x15,0xB7,0x1A,0x24,0x30,0x46,0x69,0x9A,0x5A,0xDF,0xE2,0x66,0x37,0xA4,0xBF,0x0A,0x43,0x49,0xA9,0x6F,0x12,0x9B,0x6C,0xEE,0x43,0xD7,0xE5,0xC3,0x5B,0x64,0xA0,0x81,0x6C,0xE6,0x96,0x9E,0x3E,0x89,0x6B,0x3B,0xFD,0x34,0xA5,0xF2,0xD2,0x2F,0x50,0xB3,0xF0,0x47,0x6C,0x9E,0x29,0x49,0xD0,0xA0,0x45,0x4C,0xE1,0x2B,0xF4,0x89,0x51,0x99,0x12,0x61,0x93,0xE0,0xEE,0xCD,0xC3,0xE4,0x9B,0xAF,0x87,0x9A,0x38,0xCF,0x2B,0xB8,0x46,0xCD,0xC3,0x06,0xC1,0xDC,0x67,0x8D,0x36,0x3C,0x49,0x64,0xC5,0xBA,0xF9,0x1B,0xDE,0x70,0x3D,0xE5,0x02,0xE3,0x33,0x68,0x93,0x54,0xE2,0x6F,0x15,0x1B,0x5C,0x25,0xF3,0x8D,0x0B,0x6A,0x6E,0x3C,0xBC,0x59,0x07,0x97,0xFE,0x2A,0x68,0x00,0x51,0x2D,0x0F,0x7E,0xE3,0xFA,0xAC,0xC3,0x7D,0x88,0x0F,0xBA,0xE4,0x23,0xB2,0x63,0xB0,0x0F,0xD7,0x84,0x09,0x4A,0xB1,0x7B,0x80,0xF2,0x8C,0x03,0x2F,0x79,0x9D,0x26,0x22,0x67,0xFA,0x11,0x39,0xD2,0x11,0x8B,0xA9,0x01,0x37,0x93,0xCF,0x93,0x62,0xD6,0x8B,0x40,0x05,0xB3,0x9F,0x87,0xEE,0x35,0x21,0x8D,0x58,0x4D,0x5A,0xEF,0x2B,0x46,0xA0,0xB8,0xB1,0xF0,0xD8,0x53,0xD6,0x93,0x44,0x28,0xE4,0xC2,0x53,0x9F,0xC1,0x49,0xD5,0x3B,0x37,0xE5,0x09,0x22,0x51,0x6C,0x18,0x59,0xA9,0x0D,0xDF,0xEF,0x45,0xBE,0xEC,0x4F,0xA7,0x60,0x98,0xBD,0x29,0x4B,0x0D,0xDD,0xAE,0x2A,0x94,0xCF,0xF6,0x14,0x60,0xF2,0x08,0x76,0x9B,0x6A,0x3D,0xD1,0x99,0x89,0xE0,0x50,0xE3,0xC1,0x2F,0x5B,0x50,0x39,0x2D,0xD4,0xA9,0xF2,0xF8,0x38,0x5D,0x66,0x25,0x57,0xF9,0xC9,0x73,0x13,0x10,0x2D,0x85,0x08,0x20,0xAB,0x8E,0x29,0xE2,0xF1,0x6A,0x28,0xED,0xF4,0xE2,0x19,0x99,0xB2,0x47,0x9F,0x30,0x7D,0xAD,0xEF,0xCE,0x6A,0x61,0x0A,0xDE,0x77,0x52,0x8E,0xEA,0xC1,0xC4,0x08,0xDA,0x4B,0xFA,0xC7,0x1E,0xAC,0x53,0xA7,0x06,0x84,0xCC,0x09,0xFF,0xF0,0x81,0xAA,0x5C,0xD6,0xD8,0xC6,0x0F,0xDD,0x1A,0xA1,0x02,0xCB,0x8D,0xA4,0x27,0x53,0x48,0x15,0x27,0x92,0x19,0xD8,0xC2,0x34,0x40,0xAE,0x3F,0x61,0xE5,0x62,0x97,0xC1,0x61,0x3A,0xB7,0xCA,0xEE,0x2A,0xA6,0xAA,0xFC,0x46,0x82,0x02,0x8D,0x91,0x3A,0x4D,0xE2,0x04,0x7B,0xFC,0xB9,0x72,0xD1,0x3B,0xF1,0x6F,0x9D,0x3E,0x9B,0xE7,0x74,0x70,0x7E,0xFB,0xD7,0xDB,0xC0,0x69,0xDE,0x70,0xE8,0x7E,0x98,0x3B,0xE2,0x42,0xA6,0xE8,0xD4,0xFE,0x4D,0x88,0xC8,0x04,0x0D,0x0F,0xEE,0xA8,0x25,0xD7,0x55,0xD8,0x43,0x59,0x88,0x93,0x0C,0x1C,0x38,0x9C,0x26,0x44,0x79,0x79,0x66,0x1A,0xE5,0x9A,0xC0,0x94,0xA3,0xE5,0x2D,0xB3,0xD1,0x28,0x0B,0xDD,0x48,0xCE,0xDE,0x45,0x38,0xAE,0xB2,0xEA,0x5B,0x3A,0x9A,0x80,0xC0,0xCB,0xC2,0xEC,0x4E,0xB2,0xE1,0x51,0x8D,0x9E,0x60,0x0F,0x07,0x30,0x5D,0x8E,0x11,0xB8,0x99,0x23,0xA6,0x74,0x37,0x9F,0xA8,0x4E,0x6E,0x3F,0x35,0xD5,0x7E,0x00,0x66,0x75,0xBC,0xAC,0xB9,0x88,0x11,0xBC,0xB8,0xF0,0xE3,0x9E,0x85,0x97,0x2B,0xB0,0xF1,0xB2,0x06,0xD9,0x89,0xE4,0x25,0x21,0x1D,0xD1,0x9B,0xB3,0xE7,0xEC,0x4F,0x5B,0x6A,0x65,0x51,0x17,0xE6,0x59,0xB2,0x23,0xDC,0x51,0x4E,0xBC,0x08,0x63,0x3C,0x4A,0xD7,0xE9,0x4D,0x79,0x8C,0x7C,0x15,0xA3,0x4E,0x32,0x10,0x18,0x87,0x85,0x2D,0xBE,0x13,0x8F,0xD1,0x4D,0x13,0x8B,0x7F,0xA3,0x95,0x9E,0x0F,0x1D,0x7A,0x1E,0x9B,0xEA,0xEA,0x55,0x68,0x0C,0xEB,0x31,0x27,0x3D,0xCC,0x15,0x85,0xA9,0xF4,0x03,0xBE,0x7A,0x41,0x01,0xE2,0xF4,0x8E,0x88,0xF3,0x58,0x24,0x3D,0x3F,0xF0,0x55,0x69,0x65,0xBA,0xE0,0x18,0x95,0x24,0xB3,0xA7,0xB7,0x0E,0x3E,0x8B,0xCC,0x19,0x2A,0x74,0x38,0xA3,0x7E,0x57,0x73,0x09,0x35,0xFB,0xD5,0x46,0x42,0x86,0xB9,0x31,0x98,0xED,0x73,0xBA,0xAB,0x69,0x28,0x3B,0xF1,0x05,0x40,0x9C,0x3C,0xE9,0x0E,0xFB,0xDA,0x7A,0x45,0xF0,0x7E,0x40,0x8B,0x5F,0x59,0x29,0x6F,0xE1,0x27,0x00,0x86,0x17,0xBC,0x1C,0xFB,0x7F,0xBF,0x83,0x5C,0x75,0x69,0xED,0xEC,0x6C,0x63,0x5E,0x84,0x0A,0x9A,0xC7,0x30,0x9A,0x6B,0xFE,0x99,0x4A,0xDA,0x0D,0x28,0x85,0x4C,0x26,0xC4,0xD6,0x23,0x73,0xE2,0xCF,0x2D,0xDE,0x14,0x9C,0xCE,0x2E,0xF2,0x39,0x4E,0xB3,0x2A,0x37,0x78,0xF5,0x50,0x85,0xBE,0xD5,0x13,0xC8,0x06,0x52,0x3B,0xAA,0x5F,0x33,0xAD,0x83,0x8A,0xBA,0x34,0x35,0x42,0x82,0x79,0x63,0x90,0x45,0xD3,0xDA,0x6E,0x55,0xE8,0xAD,0x37,0xB5,0x7C,0x45,0xC9,0x57,0x86,0x1E,0x05,0xE1,0xD8,0xB2,0x4C,0xAA,0x42,0x96,0x79,0x70,0xCD,0x70,0x01,0x8D,0xA7,0x13,0x9D,0xE0,0x2F,0xE8,0xA7,0xFC,0x69,0xA3,0x7E,0x30,0x5A,0x75,0x27,0x3C,0xB3,0x60,0x1A,0xEC,0x91,0x52,0x1C,0xF6,0x86,0xC4,0x3C,0x75,0x1D,0xE0,0x6D,0x05,0xD9,0xDE,0x31,0x35,0x8A,0xB6,0xAD,0xF5,0x39,0x00,0xD1,0xD8,0x31,0x60,0x08,0x82,0x8A,0xC5,0x13,0xEE,0x82,0xF4,0x4E,0xF1,0xFF,0x2A,0xF6,0x94,0x37,0x1F,0x97,0x1E,0xD7,0x68,0x8A,0x78,0xDB,0xE4,0x20,0x49,0xAB,0x6F,0xDC,0xA5,0x70,0x90,0x93,0x48,0x5D,0x9F,0x03,0x7D,0x63,0xE4,0x19,0xFF,0xB3,0x76,0x60,0x89,0xBF,0xBE,0xDC,0x4B,0x35,0xEB,0xCE,0xAC,0x5A,0x3D,0x84,0xDA,0x54,0xE5,0xB2,0x38,0x11,0xC3,0xB3,0x29,0x6B,0x96,0x92,0x9A,0x14,0x84,0x89,0x11,0x43,0x71,0x97,0x28,0x56,0xF6,0x4A,0x83,0x96,0xFC,0x9E,0x01,0xC5,0x52,0x78,0x3F,0x0D,0xC9,0x2B,0xDF,0xA2,0xCF,0xCB,0x93,0x6C,0xFE,0x5B,0x1C,0x99,0x0E,0x84,0x9D,0x1A,0x1C,0x27,0x4A,0x8D,0x5E,0x42,0xD2,0x2B,0xFA,0x90,0xAA,0x58,0x03,0xD5,0x3B,0x93,0x3F,0xF6,0x8A,0xDD,0x15,0x17,0x82,0xEB,0x36,0x2D,0x96,0xA9,0xFD,0x51,0xBE,0x37,0xD9,0x67,0x28,0xD6,0x9F,0xBF,0x43,0x4E,0x7C,0x35,0xAF,0x95,0x6B,0xD5,0xCE,0x0B,0x38,0x9D,0x8F,0x84,0x2C,0x64,0x9F,0x79,0x11,0x7D,0x47,0xDD,0x3B,0x42,0x16,0xEB,0xBF,0xFB,0x4A,0xAF,0xE0,0x06,0x96,0x99,0x4D,0x3A,0x26,0x31,0xE4,0xA6,0x88,0x4F,0xA2,0x00,0x51,0x2E,0xC0,0x67,0xC3,0xB8,0xF3,0x00,0xA3,0x1C,0xAE,0x65,0xA0,0xB5,0x32,0x96,0x31,0x4E,0xFD,0xC7,0x17,0x68,0xFF,0xB8,0x27,0x2C,0x95,0x03,0x70,0xEF,0x9C,0x84,0x8E,0x78,0xA7,0xF2,0xD1,0x34,0x8E,0xC2,0x7A,0xB8,0x09,0x06,0x78,0x4B,0x30,0xCF,0x70,0x4A,0xC0,0xA4,0x44,0xA8,0xA1,0x39,0x52,0x3A,0x72,0x1D,0x8F,0xA3,0x9D,0xBF,0xD0,0x7D,0x9D,0xFF,0xD9,0x28,0x3A,0x38,0xB7,0xF9,0xA6,0x49,0x06,0xCB,0x65,0xB7,0x2E,0x01,0x0F,0x61,0x65,0x8C,0x10,0xAA,0xE1,0x5A,0x1C,0x5B,0xB9,0x28,0x6A,0xD1,0x90,0x2D,0xC4,0x69,0x43,0xF4,0x4D,0x51,0x3A,0xDB,0x05,0x84,0x52,0x5D,0x04,0x19,0xB1,0x54,0x27,0x64,0x2A,0xCE,0x44,0x33,0xD9,0x9D,0xC4,0x41,0x75,0x28,0x28,0xB2,0x97,0xC0,0x68,0x7D,0x3E,0x67,0xB5,0xB8,0x00,0x9B,0xB0,0x2C,0x94,0x11,0xEE,0x7C,0xED,0x2E,0x22,0x39,0xA9,0xD5,0xC9,0x1A,0xF0,0xAC,0x4D,0x5E,0x72,0xCB,0x8A,0x7E,0xAE,0x00,0xC5,0xBC,0x29,0x27,0x16,0x1C,0x85,0x1B,0xFA,0x45,0x3A,0xAB,0x94,0xB5,0x64,0xA1,0x68,0x04,0x6A,0x4E,0xEB,0x28,0x3D,0x33,0xF9,0x4E,0x59,0xFE,0xB7,0x6B,0x25,0x6A,0xC1,0xE3,0x35,0xD2,0xAC,0x2C,0xF0,0x6F,0x60,0x3F,0x21,0x4E,0x98,0xA7,0x47,0x36,0x4A,0xD3,0x6F,0xBD,0x51,0xA9,0xA7,0x31,0x9D,0x88,0x63,0xD0,0xEB,0x14,0x25,0x71,0x33,0x82,0xA7,0x6A,0x82,0x6C,0xA3,0x81,0x91,0x0B,0x85,0x57,0xAE,0x9A,0x62,0x4D,0x10,0x45,0x41,0xF3,0xC5,0x9F,0x8B,0x2E,0xC2,0x7F,0xA7,0x6A,0x4D,0x7D,0xF3,0x36,0x42,0x97,0x56,0xD3,0xE3,0xFC,0xE6,0x15,0x57,0xCA,0x97,0xC8,0x86,0x9A,0x30,0x6E,0x3C,0x59,0x9E,0x7F,0xA0,0x26,0x33,0x6F,0x0A,0x46,0x97,0xD0,0x5F,0xCC,0x37,0x3A,0x5B,0xE1,0x51,0x1E,0xD4,0x07,0xD9,0x5F,0x4F,0xC5,0x6D,0x5C,0x00,0x4E,0xBB,0xC2,0x39,0xCC,0x0A,0x86,0x1E,0xDB,0x70,0x10,0xB3,0x2F,0xE6,0x29,0x50,0x03,0x44,0xA2,0xB8,0xCF,0x4D,0xA7,0x4A,0x1A,0xFD,0x42,0x90,0x21,0x9B,0xE7,0x32,0xE1,0xE7,0xDA,0x45,0x48,0xC4,0x9E,0x4B,0x77,0xA1,0xF1,0x1E,0xFB,0x5B,0xE8,0xE7,0xB1,0x1E,0xF6,0x8A,0xC4,0x6E,0x29,0x40,0xF4,0x89,0x1E,0xA7,0x84,0x0B,0x6F,0xA8,0xD3,0x8B,0x7D,0x42,0x60,0xCE,0x0C,0x36,0x1E,0x45,0xFC,0xAF,0x83,0x9A,0x18,0x21,0xBA,0x55,0x03,0x18,0x68,0x51,0x95,0xC0,0x93,0xDF,0x29,0x93,0x03,0x31,0xF4,0xD8,0x9C,0xF9,0xB4,0xCB,0x3B,0x8D,0x94,0x18,0x37,0x61,0x18,0x48,0x49,0x56,0xF3,0x16,0x3E,0x6D,0xB8,0x7C,0x29,0xB1,0x82,0x55,0x7D,0xD1,0xEA,0xAD,0xE6,0x64,0xF3,0x18,0x49,0x5A,0x0F,0xF5,0xB6,0x5A,0x1A,0x51,0x70,0x1F,0x31,0xFD,0x60,0x71,0x4E,0x41,0x2C,0xD5,0xFA,0x47,0x05,0x88,0x59,0xF0,0x23,0xD0,0xEF,0xCB,0x39,0x74,0x9F,0xC8,0x61,0xAA,0x62,0xB5,0x2A,0xCE,0x8E,0x74,0x76,0xA2,0x73,0x53,0x3A,0xFC,0x17,0x36,0x64,0xFF,0x89,0x78,0x92,0xE3,0x35,0xDE,0xC4,0x35,0x7B,0x4A,0x29,0xFE,0x6F,0x13,0xC8,0xD1,0x45,0xB3,0x8C,0xC9,0xFB,0x5F,0x9C,0xF9,0x9D,0xA8,0x3D,0xC6,0xCB,0x43,0x7A,0x29,0xDE,0x4D,0x31,0x56,0x04,0x86,0xAD,0xE5,0x64,0xA6,0xAE,0x4A,0x73,0x3B,0x2A,0xB1,0x0E,0x49,0xD2,0x34,0x79,0xD9,0xE4,0x11,0xF3,0xB4,0x5D,0x37,0x12,0x76,0xB0,0x59,0x85,0xEA,0xD0,0x3D,0xEA,0x89,0x7E,0x72,0xC0,0x2C,0x12,0x3F,0x71,0x0D,0x72,0xCD,0x3A,0x1D,0x93,0x02,0xD9,0x70,0x2D,0xBF,0xFE,0xE3,0x65,0xB4,0x97,0xAC,0x9F,0x72,0x20,0xB0,0xDA,0xC0,0x3A,0x70,0xAB,0x8E,0xAE,0x39,0xF6,0xE9,0x1C,0x4F,0x9F,0xD1,0x0E,0xEB,0x40,0x8A,0x36,0x76,0x34,0xA8,0x41,0x92,0x2E,0x22,0xDE,0x98,0x06,0xB0,0x93,0x8F,0xBA,0x4A,0x2E,0x8F,0xCD,0xEA,0xA0,0x27,0x8B,0xF4,0x2E,0x6B,0xEB,0x68,0xD1,0x66,0xE0,0x92,0x60,0x89,0x40,0xA9,0x94,0xE7,0x6B,0x22,0xDD,0xC7,0x3D,0x1A,0x76,0x39,0xF3,0x51,0x97,0x55,0x2A,0x61,0xE9,0xED,0x73,0x29,0x83,0xFA,0x7A,0xE4,0x9C,0xC6,0x16,0xCC,0x79,0xA4,0x0A,0xA7,0x64,0xAE,0x1F,0xBA,0x31,0x14,0xD1,0xFB,0xDB,0xC7,0xD3,0x78,0xAA,0x63,0xBC,0xB4,0xB9,0x10,0xC7,0x20,0x8D,0x34,0x13,0xE1,0x66,0xBE,0x23,0xFC,0x43,0xD0,0xDC,0x16,0xB4,0xD4,0xD2,0xCC,0x0E,0x2C,0xC7,0x9F,0xA2,0x28,0x67,0xA2,0xCF,0x51,0x2E,0x87,0x9F,0x39,0x29,0x7D,0xDE,0x41,0x60,0xCE,0x60,0x89,0x5B,0x5A,0x57,0x2D,0xE3,0xE3,0xD0,0x69,0x4F,0x3B,0xA3,0x09,0xC9,0x32,0x04,0xCA,0x28,0xB8,0x1D,0x10,0x7B,0x5D,0x53,0xCA,0x72,0x85,0xE2,0x13,0xC8,0x19,0x40,0x28,0x27,0x09,0xC0,0x7A,0x0A,0x69,0xCE,0xAA,0xA0,0xEB,0x15,0xC2,0x5D,0x72,0xCD,0x1B,0xC0,0xF8,0xCA,0x36,0x34,0x56,0x5F,0x79,0xCA,0xA2,0x8F,0xBC,0xB0,0xB8,0xCB,0xDF,0xEC,0xD4,0xDA,0x54,0x76,0xC4,0x1A,0x55,0xE5,0xCE,0x0A,0x6D,0xCB,0x69,0x35,0x9B,0xE5,0x0B,0xBB,0x8D,0xDA,0xCA,0xA9,0xC3,0xB9,0x59,0xA2,0x14,0x64,0x03,0xD9,0x54,0x8D,0x46,0x24,0xB5,0x3D,0xA2,0xA5,0xAB,0x4F,0x1B,0xBD,0xF1,0xFC,0x9D,0x70,0x77,0x79,0x0C,0x3A,0x54,0x8B,0x86,0x91,0x06,0x6B,0xDF,0x9E,0xEF,0xC1,0x76,0x9B,0x5B,0x98,0x14,0x99,0x32,0x31,0x37,0xC9,0x88,0x1B,0x87,0xE1,0x67,0x61,0x13,0xFB,0x9D,0x41,0x68,0x24,0x8B,0xDA,0xD6,0xB9,0x5D,0x29,0x78,0x5D,0x48,0x13,0xB6,0x81,0x85,0xA3,0x84,0xB3,0x6B,0x15,0x60,0x95,0x90,0x05,0x2E,0x65,0x1B,0x50,0x43,0x81,0xCD,0x26,0x8D,0x28,0xF1,0x42,0x46,0xAE,0xEB,0x7B,0xE2,0xBB,0xF1,0x61,0x12,0xC8,0x27,0xFB,0x13,0x06,0x69,0xE5,0x6F,0x46,0xD8,0x2C,0x63,0x78,0xC0,0x62,0xA0,0xD3,0x35,0xE5,0x48,0x3A,0x26,0xBD,0xE0,0x63,0xC1,0x7C,0xEA,0x46,0xBC,0x81,0x5B,0xA3,0x07,0x40,0x37,0x80,0x6E,0x9C,0x33,0x29,0xDE,0xBF,0x34,0xDF,0x35,0x30,0x75,0x3C,0x58,0x2F,0x05,0xE6,0x93,0x52,0xA4,0x55,0x10,0x9C,0x61,0xBF,0xD0,0x01,0x9B,0xE6,0xE6,0x53,0x5F,0x31,0x8D,0x81,0x1C,0xF9,0x1A,0xC5,0xCD,0x97,0xEB,0xC1,0x29,0xE7,0xBD,0x3A,0xBD,0xF8,0x1B,0x01,0x94,0x88,0xBA,0x03,0x2B,0xD5,0x79,0x29,0x60,0x18,0x7F,0x3F,0xA0,0xAE,0xD2,0x40,0x74,0x65,0x1C,0x64,0xA3,0x6E,0x94,0x8B,0x91,0xCB,0x11,0xDE,0x46,0x80,0xF1,0x88,0xAE,0x59,0xA6,0x2F,0x26,0xE4,0x88,0x6B,0xC8,0x71,0xA0,0x09,0x8E,0x6B,0x90,0xE1,0xEE,0xB7,0xF7,0xBC,0x3C,0xF5,0xAE,0x36,0xE2,0xAF,0xDC,0xE5,0xFD,0x96,0xFB,0xC1,0x81,0x18,0x94,0xCF,0x8E,0x6A,0x7A,0x64,0x5F,0x25,0x07,0x20,0x08,0x62,0x58,0x1D,0xD0,0xCD,0x5D,0x77,0x3D,0x47,0x40,0x53,0x8B,0xDF,0x7C,0x6C,0xDF,0x76,0x80,0x86,0x9C,0x60,0x96,0x5C,0x69,0x9E,0xA0,0x50,0x30,0x9F,0x7F,0x36,0x6E,0xE1,0x25,0x0D,0x63,0xB3,0xA2,0xF7,0xA3,0x56,0x0C,0xBE,0xEF,0x98,0xC5,0x92,0x8D,0xEF,0x67,0x66,0xFE,0x85,0x8B,0x31,0x2B,0xCE,0x51,0x79,0x60,0x3C,0xC0,0x2E,0x6C,0x92,0x8D,0x74,0xCA,0x00,0x0D,0xB5,0x4D,0xA9,0x06,0x37,0xA2,0x37,0xAF,0x5E,0x5D,0x7B,0x46,0xC5,0x70,0xDE,0xCF,0xEA,0x0F,0x3D,0x51,0x22,0x15,0xF0,0x82,0x2E,0xD1,0x13,0xB8,0x1A,0x3E,0x98,0xCD,0x95,0xE4,0xB3,0xC9,0x0E,0x57,0x96,0x9D,0xCD,0x45,0x8D,0x5A,0x62,0x73,0x70,0xB6,0x97,0xD2,0xAB,0xE7,0xB2,0xFB,0x9D,0x18,0x4B,0x45,0xEA,0x3F,0x00,0x81,0x60,0x80,0x40,0xBB,0x5F,0x0D,0x3A,0x88,0x9D,0x6C,0xAE,0x3E,0x7A,0x19,0x7A,0xCB,0x85,0xD5,0x13,0x8A,0x42,0x2B,0x27,0xB2,0x8F,0x3C,0xE3,0x6F,0x7F,0xE7,0x30,0x72,0x79,0xA1,0x09,0x54,0xC1,0x06,0x86,0x8C,0x70,0xDE,0xC1,0x37,0x3A,0xBB,0xE8,0xDF,0xF8,0xAC,0x40,0x82,0x03,0xE2,0x10,0x5C,0x20,0x28,0xFF,0x48,0xCE,0xD2,0x3C,0x27,0x55,0x12,0xD8,0x49,0x77,0x22,0xD7,0xB1,0x87,0x09,0x8F,0xB1,0x8D,0x6C,0x0D,0xEA,0x0F,0x95,0xF3,0x2B,0xF2,0x79,0xEE,0x55,0x1E,0x28,0x1F,0x60,0x25,0x86,0x70,0x4B,0x37,0x86,0x03,0x66,0x5E,0x4A,0xC8,0xD9,0x61,0xA5,0x93,0x53,0x54,0xBA,0xF1,0x05,0x0D,0x9A,0x2D,0xCB,0x58,0xEF,0x60,0xD7,0xEB,0x65,0x27,0xFE,0x5F,0xBF,0xBC,0x17,0x67,0x1A,0x38,0xE5,0x6F,0x53,0x0D,0xA4,0xED,0x75,0xE5,0xE5,0xF5,0xC1,0x8C,0x36,0xBE,0xB4,0x34,0xB7,0xFD,0xF5,0x03,0x29,0xB4,0x9A,0x72,0x26,0x10,0xCB,0x9E,0x69,0x8D,0x86,0x38,0x09,0x74,0x75,0x30,0x23,0xB6,0xF4,0x23,0x3D,0xEB,0xAB,0xA7,0x59,0x3C,0x1F,0x84,0xFF,0x21,0xEE,0x50,0xBD,0x4D,0xA6,0x3A,0x22,0x2F,0xCF,0x34,0x1D,0x42,0xD6,0xE0,0xF9,0x3B,0x19,0x4C,0x01,0xB7,0xA0,0xA1,0x96,0x53,0x15,0x24,0x8C,0x5B,0xF6,0x4D,0x7A,0xA9,0xD0,0x94,0xB0,0xF4,0x69,0x57,0x97,0xAA,0x82,0x21,0x1E,0x04,0x6B,0x29,0xCD,0x1F,0x94,0xB7,0xFA,0x15,0x8F,0x43,0xB9,0xDA,0x3F,0xA2,0xF9,0x06,0xD9,0xBC,0x42,0x89,0xE7,0xF4,0x87,0x48,0x72,0x16,0xD9,0x8C,0xED,0x3D,0xDE,0x34,0xB6,0x46,0xE0,0x4B,0x8D,0x3F,0x5B,0xA0,0x15,0x45,0x29,0x2F,0x3B,0xFB,0xB6,0xFA,0x2A,0x88,0xFD,0xDB,0xBE,0xE4,0xAF,0x67,0x5D,0x88,0x9D,0x86,0x29,0x54,0xD7,0x0C,0xAC,0x0F,0x24,0xD9,0xFE,0x03,0x02,0x46,0xFB,0xBF,0x2B,0x88,0x12,0x22,0xA4,0xC2,0x8D,0x6C,0x6F,0x51,0xD1,0x32,0x5C,0x05,0xEF,0x98,0xC8,0xF2,0x41,0xD7,0x64,0x44,0x50,0xF7,0x71,0x05,0x5A,0x10,0x63,0x5C,0x36,0xED,0xCA,0xFA,0xA9,0xC3,0xEA,0x9C,0xA8,0x6E,0x1E,0x33,0x43,0xD4,0x48,0x81,0xF8,0xC3,0xB6,0xD8,0x34,0x33,0xEB,0xAA,0x93,0x71,0x83,0x0F,0xDC,0x7A,0x42,0x16,0x45,0x8C,0x4D,0xEB,0x44,0x1C,0x30,0x92,0xF8,0x40,0x5E,0xD0,0xB8,0xD9,0xFD,0x85,0xD1,0x2C,0x40,0x43,0xBC,0x49,0x40,0xB4,0x5F,0xAA,0x90,0xE6,0x08,0x98,0xC0,0xA4,0x0F,0x7F,0x70,0x6A,0x12,0x4F,0xF6,0x2C,0x6C,0xAF,0x36,0xF9,0x31,0xCF,0x96,0xF2,0x83,0xAA,0x16,0xD7,0x69,0xF8,0x1E,0x8A,0x9F,0x24,0x82,0x28,0xBB,0xD2,0x50,0xF1,0x9B,0x4B,0x12,0x2B,0xF1,0x0E,0x78,0x56,0x04,0x1F,0x2C,0x34,0xFB,0x9F,0x1A,0x1A,0xED,0x9D,0x39,0xCB,0xF5,0x7C,0x60,0x12,0x7C,0x36,0xE6,0x8D,0xC6,0x14,0x77,0xEF,0x50,0x69,0xE5,0x1A,0xCA,0x78,0xA1,0x68,0x7E,0x4D,0x3E,0x67,0xD2,0x2F,0x05,0x04,0x22,0xD5,0x44,0x6E,0x02,0x0C,0x5C,0xB8,0xEF,0xF0,0x1E,0x8F,0xF9,0x6F,0x0A,0x8E,0xFA,0x14,0xCF,0x71,0x26,0x81,0x78,0xDC,0xFC,0xF6,0xEF,0x1B,0x31,0x0E,0x09,0x87,0x34,0x6D,0xD6,0xCA,0x49,0x01,0xC4,0x2E,0x9F,0xAB,0xB6,0xA2,0x10,0x3D,0x8A,0x89,0x2B,0xBE,0x27,0xD7,0xF1,0xA0,0x64,0x4D,0x98,0x62,0x85,0x03,0xA9,0xC6,0xA2,0x3E,0xCD,0x6D,0x14,0x5C,0x2A,0x77,0x2A,0x8E,0x7A,0xDB,0x77,0x52,0xDF,0x0E,0xDF,0x8A,0x00,0x30,0x60,0xB7,0xA1,0xD5,0x63,0x0F,0xBD,0x36,0x85,0xC4,0x53,0x39,0x59,0x8A,0x09,0xF5,0xFA,0xB4,0xA2,0x10,0x32,0x52,0x57,0x0C,0x2C,0x0C,0xA0,0x13,0x60,0xB2,0x0D,0x4F,0xED,0xF7,0x97,0x16,0x15,0x06,0xAB,0x2D,0x30,0x9E,0x5E,0xBF,0x03,0x16,0xC2,0xEF,0x7D,0xB2,0xD1,0x8E,0x30,0x56,0x65,0x86,0xFB,0xF3,0x4E,0x57,0xF7,0x99,0x5A,0x7A,0xFB,0xB3,0x67,0x45,0x77,0x38,0x65,0xEB,0x16,0x81,0x14,0x06,0x61,0x32,0x95,0xE0,0xA6,0x2A,0x26,0xE0,0xAD,0xC2,0x54,0xED,0xBF,0x3A,0x02,0x77,0xF0,0x70,0x65,0x64,0x3E,0x7D,0xE2,0x4D,0xC9,0x1D,0x56,0x50,0x4F,0xFA,0x8B,0x43,0xB6,0xAF,0x1D,0x2C,0x18,0x11,0x8D,0x18,0xA4,0x37,0xD8,0x6F,0xA9,0x5C,0x34,0xDE,0x2B,0x6F,0xBA,0xD9,0xE0,0x86,0x72,0xE8,0x06,0x61,0x30,0x15,0x58,0x17,0x70,0x7C,0x31,0xE7,0x27,0x23,0xC7,0x8A,0xDD,0xD5,0xE5,0x3D,0xA8,0x33,0xCE,0x31,0xA0,0xB7,0x04,0xEC,0x20,0x45,0x90,0x0A,0x16,0xCD,0x33,0xF3,0x3E,0xDD,0x36,0x0C,0x2B,0xB5,0xD2,0xD5,0x6B,0x00,0xB7,0xC2,0x9C,0xEF,0x60,0x3C,0xF7,0x5D,0x73,0xB6,0xD9,0xF3,0xE0,0xCB,0xDA,0x10,0xA8,0xEB,0xB2,0x33,0x5E,0xAB,0x07,0x2F,0x23,0x68,0xC3,0xDF,0xF3,0xE1,0xBB,0xFE,0xAD,0x27,0xAA,0xCE,0x02,0xFD,0x79,0xB5,0x13,0x81,0x33,0xC6,0x32,0xA7,0xC0,0x06,0x76,0xF7,0x5D,0xAA,0x49,0x82,0x55,0xA2,0xC1,0x3B,0x22,0x41,0xAE,0xFA,0x76,0x66,0x3F,0x88,0xEA,0x8B,0x34,0x75,0x48,0x6E,0xF1,0x0D,0x68,0xB8,0xB8,0x3F,0x1C,0x62,0xAE,0x78,0x03,0x0E,0xC9,0x88,0xEE,0x6B,0x76,0x90,0xF9,0xDD,0x8D,0x75,0xEF,0x6A,0xB1,0xA8,0x56,0xD0,0xA6,0xEE,0x9B,0x17,0x0A,0x05,0xAE,0xD7,0xFD,0x5B,0x4A,0xDA,0x4E,0xEF,0xFD,0x2C,0xF8,0x64,0xFE,0x96,0x5F,0x02,0x70,0x01,0x60,0x3A,0xE1,0xD5,0xB5,0xA5,0xC5,0xB2,0x34,0xD5,0x81,0xBA,0x4B,0x76,0x8A,0x30,0x93,0x2D,0xB1,0x64,0x3A,0x04,0x86,0x58,0x89,0x8E,0x06,0x7A,0x40,0xAD,0x30,0xD2,0xAE,0xF5,0x6E,0x04,0x54,0x0B,0x2E,0xA8,0x50,0xD9,0xF2,0xD9,0x5C,0x89,0x59,0xC1,0xF3,0xAD,0xC2,0x87,0x57,0xE4,0xBB,0xD3,0x00,0x83,0x8B,0x58,0xDE,0xA7,0xBB,0x34,0xBA,0xF4,0x3E,0x5F,0x6A,0x4A,0x2E,0x21,0x53,0x0E,0x93,0x45,0xC4,0x49,0x27,0x0F,0x64,0xC7,0x8E,0x91,0x0D,0x55,0x8F,0x0C,0xF0,0x84,0x65,0x86,0xAA,0x95,0x16,0x80,0xA6,0x85,0xFE,0x72,0xF7,0xD6,0xC4,0xD9,0x4B,0xD6,0x71,0xE8,0x31,0xCE,0xF2,0x77,0xD1,0xB8,0x6B,0x59,0x71,0xA0,0xC8,0x84,0x9D,0x3D,0xBD,0xC7,0xAD,0xAD,0x9E,0xDB,0x58,0x26,0x71,0x8E,0xA2,0xD0,0x9E,0xC8,0x6A,0x48,0x41,0xED,0x1B,0x0B,0xF0,0x9F,0x1B,0x7C,0xEF,0xE8,0xDA,0xF0,0x78,0xB9,0xDC,0xBA};


static byte	devcfg_83[]={0xAE,0x11,0x53,0xAE,0x51,0xEF,0x4A,0x72,0x7A,0xE1,0x8D,0x2A,0xE2,0x04,0xE6,0x61,0xAC,0xE5,0xD4,0x0A,0x8E,0xC3,0xCC,0x85,0x2B,0xDF,0x01,0xBA,0xB8,0xFE,0x5B,0x1B,0x2E,0xE6,0xF2,0x42,0x48,0x07,0xB5,0x21,0x56,0xF8,0x5A,0xE9,0xDA,0xE6,0x56,0xEC,0xAB,0x76,0xA7,0x1A,0xD8,0xD7,0x22,0x18,0xC9,0x67,0x0E,0x75,0xB6,0xE8,0x75,0x3B,0xD0,0x94,0x35,0x85,0x19,0x4F,0xA1,0xFE,0xD7,0xCF,0xEE,0x5F,0xA2,0x8D,0xD0,0xD3,0x86,0x0B,0x65,0x95,0xB3,0x91,0xF9,0x08,0x90,0xD5,0x91,0x49,0x76,0xDD,0x6F,0xC9,0x75,0x0C,0x45,0x13,0xFB,0x6D,0x68,0x9A,0xB1,0xF1,0x1B,0x94,0xE3,0xFE,0x38,0xCE,0x74,0x42,0x7E,0x77,0x49,0xF2,0x3C,0x38,0x33,0x96,0xA9,0x8D,0x36,0x5E,0x03,0x2B,0x70,0x0F,0x23,0x93,0x85,0xB9,0x74,0xC8,0xC1,0x78,0xE2,0xA7,0x50,0xA5,0x17,0x48,0x5A,0x54,0xDF,0x4A,0xB9,0x2A,0x3C,0x18,0xDC,0xD7,0x72,0xA3,0x98,0x2B,0xF7,0x87,0x0B,0x2D,0xA0,0x50,0x72,0x71,0x65,0xA4,0x6D,0x71,0x23,0x98,0x2C,0x64,0xB6,0x0B,0xF8,0x39,0x80,0x76,0xC1,0xD6,0xD2,0x4A,0x9B,0x24,0x24,0xD2,0x43,0x68,0x66,0xDB,0xB0,0x93,0x45,0x07,0xA6,0x4F,0x52,0x2C,0x53,0xD3,0xDB,0xE8,0xA1,0x95,0x05,0x13,0x34,0xC8,0x37,0xEA,0xF4,0x06,0x8D,0x2F,0xD8,0x94,0x71,0xCA,0x27,0xC7,0xA1,0xB5,0x28,0xD2,0x13,0xE6,0x06,0xFE,0xD9,0x32,0x99,0x27,0x22,0xE0,0x65,0xC8,0x4A,0x35,0x8C,0xBA,0x70,0xD4,0xAE,0x62,0xFE,0x48,0xC2,0x59,0x4D,0xFC,0x5D,0x93,0x3C,0xA3,0x4B,0x1C,0x33,0xE3,0xCA,0xCD,0xA9,0x8C,0xE5,0x56,0x66,0xDA,0x03,0x23,0xD4,0x2F,0xBF,0xCA,0x71,0x44,0x5E,0x5A,0xEA,0x06,0xF0,0x86,0x77,0xAD,0x1A,0x96,0xCF,0xE7,0x3D,0xD8,0xB5,0x6B,0xDC,0x3C,0xFC,0x5C,0x65,0x50,0xE2,0x15,0xDA,0x83,0xF7,0xDE,0xDC,0x0F,0x91,0x55,0xEA,0x5A,0x26,0x03,0x65,0xCC,0x46,0xE5,0x63,0x73,0x7F,0xA9,0x8D,0x1B,0xD8,0x91,0x9A,0x9F,0x94,0x1B,0xA7,0x14,0x44,0xBB,0x2B,0x75,0xA2,0xAC,0xC7,0xD7,0x42,0x9F,0x1D,0x4B,0x89,0x90,0x27,0x12,0x1A,0xB3,0xD4,0x34,0xDB,0x69,0x4C,0x87,0xE1,0xBB,0xED,0x90,0xD7,0x33,0x99,0xB0,0x07,0xC2,0xB3,0xF9,0x43,0xCD,0x3D,0x78,0x1D,0x8B,0xC4,0x9A,0x8B,0x74,0xAD,0x73,0xC6,0x74,0xA0,0xF7,0x67,0x99,0x58,0x14,0xDF,0x06,0x57,0xF2,0x3C,0x8F,0x33,0x9D,0xA3,0xF0,0x51,0x66,0xC5,0xD7,0x16,0x95,0x0A,0xE7,0x0F,0x1E,0xDD,0x41,0x88,0xC3,0x91,0x73,0x6C,0x87,0xF3,0x2F,0xAF,0x08,0x2E,0x8F,0x06,0x05,0x78,0xA6,0x77,0xE9,0x29,0x1F,0x13,0x08,0x4A,0xB2,0xD3,0x9D,0xCB,0x25,0x7A,0xDD,0x1E,0x1B,0x99,0xDE,0x8A,0x95,0x13,0x88,0xDD,0x18,0x35,0x08,0x69,0x13,0xF8,0x7F,0xBA,0x80,0xE2,0xEA,0x81,0x3E,0x8F,0x9E,0xAA,0x0E,0x21,0x3A,0x57,0x02,0x09,0x3E,0x12,0x50,0x8D,0xF8,0x8A,0xB9,0x4B,0x12,0xE5,0xA0,0x85,0xDB,0xAD,0xAF,0x63,0xCF,0x7B,0x80,0x51,0x5D,0x87,0x93,0x47,0xA4,0x7F,0xD2,0x70,0xA7,0x15,0xAD,0xDA,0x90,0x6A,0x25,0xDA,0x8F,0x80,0x18,0xC4,0x51,0x85,0xF3,0xA7,0x5F,0xE6,0x49,0xF9,0x02,0xAC,0x7E,0xDA,0xBB,0x84,0x10,0x89,0x6F,0xB3,0xF5,0xF3,0x85,0x60,0xC9,0x43,0xE7,0x58,0x66,0x1E,0x92,0x60,0xCE,0x77,0xC2,0xA9,0xC3,0x28,0xE1,0xDE,0x93,0x4A,0x3C,0x79,0xA9,0x4E,0xD5,0x19,0x41,0xDC,0x8E,0x80,0xC3,0x5F,0xFF,0x84,0x75,0xF9,0xEB,0x71,0x36,0xBB,0x26,0xF2,0x51,0x1C,0x2B,0x43,0x7B,0xFB,0x55,0x53,0x12,0x20,0xD9,0x7B,0xA0,0xB6,0x77,0x1F,0xD3,0x76,0x7A,0x0F,0x58,0x88,0xE6,0xF4,0x46,0x70,0x97,0x93,0x61,0x0A,0x22,0xB6,0xDC,0x3E,0x18,0x83,0x84,0x62,0x2A,0xDD,0xAE,0xB2,0x31,0x5D,0x0D,0x86,0xAB,0xCA,0x59,0x9F,0x63,0xF0,0xEF,0x0C,0x7B,0x95,0x69,0xF2,0x45,0xA0,0x7E,0xE7,0x23,0x44,0xA1,0xEF,0x24,0xD5,0x5A,0x1E,0xE4,0xC6,0xCE,0x27,0xC7,0x35,0xF2,0xF8,0x75,0xF6,0xDC,0x42,0x13,0x95,0x65,0x96,0x4F,0xAB,0xBB,0xD6,0x59,0xA8,0x51,0xCC,0xCA,0x54,0xFF,0x60,0x02,0xAA,0x61,0xBB,0x04,0x9B,0x84,0x37,0xD7,0xD8,0xFC,0xD9,0xBE,0x0F,0x6E,0x4E,0xB9,0x69,0x07,0x61,0xD3,0xD0,0xD3,0xA5,0x9B,0x3E,0xFD,0x54,0x9F,0xA4,0x43,0xFC,0xD4,0x72,0x02,0xE1,0xEA,0x9F,0x6C,0x36,0x72,0x18,0x8F,0xE1,0xE6,0x45,0x06,0x10,0x9A,0x8B,0x65,0xC4,0x9C,0x81,0xB7,0x67,0x0A,0xC2,0xB0,0x7F,0xF8,0xFB,0xBE,0x79,0x7F,0x1D,0xCB,0x6B,0x3E,0xA3,0x56,0x3B,0xCE,0xDA,0x83,0xF2,0xDF,0xBE,0x33,0x0C,0x1C,0x8D,0x4E,0xFA,0xA6,0x83,0x9C,0xEC,0x11,0xF6,0x6D,0x88,0xD9,0x70,0x22,0x39,0xA2,0xBE,0x62,0x7A,0xFC,0x2C,0x76,0x1B,0xFD,0x74,0xE3,0x4C,0x0A,0x07,0x8A,0x9E,0x1C,0x81,0x13,0x2E,0x5B,0xD3,0xB4,0x91,0x8B,0xB5,0x9F,0x28,0x09,0x1C,0x8A,0x7A,0x83,0xAD,0xE3,0x2A,0x46,0x07,0x1E,0x78,0xA6,0x1E,0xEF,0xA6,0x24,0x43,0xD3,0xF9,0x81,0xF1,0x4F,0xCB,0x9B,0xA2,0x43,0xA2,0x2B,0xF9,0xA0,0x5B,0x37,0xE8,0xF7,0x37,0x39,0x69,0xB4,0xF3,0x41,0x99,0x1A,0xED,0xDA,0xFB,0x5F,0xF2,0x3D,0xBC,0xCD,0x66,0xFE,0xB3,0x30,0x29,0xE0,0x51,0xF3,0xE3,0xA0,0x30,0x7F,0xC7,0x23,0x13,0xBA,0xA5,0x9E,0xA5,0xE3,0x47,0x75,0x22,0xF2,0xF5,0x94,0xCF,0xC3,0x37,0x1C,0x1F,0xB2,0x9E,0xA8,0xED,0x8D,0xFE,0xC8,0xDE,0xCA,0x1B,0x15,0xB7,0x1A,0x24,0x30,0x46,0x69,0x9A,0x5A,0xDF,0xE2,0x66,0x37,0xA4,0xBF,0x0A,0x43,0x49,0xA9,0x6F,0x12,0x9B,0x6C,0xEE,0x43,0xD7,0xE5,0xC3,0x5B,0x64,0xA0,0x81,0x6C,0xE6,0x96,0x9E,0x3E,0x89,0x6B,0x3B,0xFD,0x34,0xA5,0xF2,0xD2,0x2F,0x50,0xB3,0xF0,0x47,0x6C,0x9E,0x29,0x49,0xD0,0xA0,0x45,0x4C,0xE1,0x2B,0xF4,0x89,0x51,0x99,0x12,0x61,0x93,0xE0,0xEE,0xCD,0xC3,0xE4,0x9B,0xAF,0x87,0x9A,0x38,0xCF,0x2B,0xB8,0x46,0xCD,0xC3,0x06,0xC1,0xDC,0x67,0x8D,0x36,0x3C,0x49,0x64,0xC5,0xBA,0xF9,0x1B,0xDE,0x70,0x3D,0xE5,0x02,0xE3,0x33,0x68,0x93,0x54,0xE2,0x6F,0x15,0x1B,0x5C,0x25,0xF3,0x8D,0x0B,0x6A,0x6E,0x3C,0xBC,0x59,0x07,0x97,0xFE,0x2A,0x68,0x00,0x51,0x2D,0x0F,0x7E,0xE3,0xFA,0xAC,0xC3,0x7D,0x88,0x0F,0xBA,0xE4,0x23,0xB2,0x63,0xB0,0x0F,0xD7,0x84,0x09,0x4A,0xB1,0x7B,0x80,0xF2,0x8C,0x03,0x2F,0x79,0x9D,0x26,0x22,0x67,0xFA,0x11,0x39,0xD2,0x11,0x8B,0xA9,0x01,0x37,0x93,0xCF,0x93,0x62,0xD6,0x8B,0x40,0x05,0xB3,0x9F,0x87,0xEE,0x35,0x21,0x8D,0x58,0x4D,0x5A,0xEF,0x2B,0x46,0xA0,0xB8,0xB1,0xF0,0xD8,0x53,0xD6,0x93,0x44,0x28,0xE4,0xC2,0x53,0x9F,0xC1,0x49,0xD5,0x3B,0x37,0xE5,0x09,0x22,0x51,0x6C,0x18,0x59,0xA9,0x0D,0xDF,0xEF,0x45,0xBE,0xEC,0x4F,0xA7,0x60,0x98,0xBD,0x29,0x4B,0x0D,0xDD,0xAE,0x2A,0x94,0xCF,0xF6,0x14,0x60,0xF2,0x08,0x76,0x9B,0x6A,0x3D,0xD1,0x99,0x89,0xE0,0x50,0xE3,0xC1,0x2F,0x5B,0x50,0x39,0x2D,0xD4,0xA9,0xF2,0xF8,0x38,0x5D,0x66,0x25,0x57,0xF9,0xC9,0x73,0x13,0x10,0x2D,0x85,0x08,0x20,0xAB,0x8E,0x29,0xE2,0xF1,0x6A,0x28,0xED,0xF4,0xE2,0x19,0x99,0xB2,0x47,0x9F,0x30,0x7D,0xAD,0xEF,0xCE,0x6A,0x61,0x0A,0xDE,0x77,0x52,0x8E,0xEA,0xC1,0xC4,0x08,0xDA,0x4B,0xFA,0xC7,0x1E,0xAC,0x53,0xA7,0x06,0x84,0xCC,0x09,0xFF,0xF0,0x81,0xAA,0x5C,0xD6,0xD8,0xC6,0x0F,0xDD,0x1A,0xA1,0x02,0xCB,0x8D,0xA4,0x27,0x53,0x48,0x15,0x27,0x92,0x19,0xD8,0xC2,0x34,0x40,0xAE,0x3F,0x61,0xE5,0x62,0x97,0xC1,0x61,0x3A,0xB7,0xCA,0xEE,0x2A,0xA6,0xAA,0xFC,0x46,0x82,0x02,0x8D,0x91,0x3A,0x4D,0xE2,0x04,0x7B,0xFC,0xB9,0x72,0xD1,0x3B,0xF1,0x6F,0x9D,0x3E,0x9B,0xE7,0x74,0x70,0x7E,0xFB,0xD7,0xDB,0xC0,0x69,0xDE,0x70,0xE8,0x7E,0x98,0x3B,0xE2,0x42,0xA6,0xE8,0xD4,0xFE,0x4D,0x88,0xC8,0x04,0x0D,0x0F,0xEE,0xA8,0x25,0xD7,0x55,0xD8,0x43,0x59,0x88,0x93,0x0C,0x1C,0x38,0x9C,0x26,0x44,0x79,0x79,0x66,0x1A,0xE5,0x9A,0xC0,0x94,0xA3,0xE5,0x2D,0xB3,0xD1,0x28,0x0B,0xDD,0x48,0xCE,0xDE,0x45,0x38,0xAE,0xB2,0xEA,0x5B,0x3A,0x9A,0x80,0xC0,0xCB,0xC2,0xEC,0x4E,0xB2,0xE1,0x51,0x8D,0x9E,0x60,0x0F,0x07,0x30,0x5D,0x8E,0x11,0xB8,0x99,0x23,0xA6,0x74,0x37,0x9F,0xA8,0x4E,0x6E,0x3F,0x35,0xD5,0x7E,0x00,0x66,0x75,0xBC,0xAC,0xB9,0x88,0x11,0xBC,0xB8,0xF0,0xE3,0x9E,0x85,0x97,0x2B,0xB0,0xF1,0xB2,0x06,0xD9,0x89,0xE4,0x25,0x21,0x1D,0xD1,0x9B,0xB3,0xE7,0xEC,0x4F,0x5B,0x6A,0x65,0x51,0x17,0xE6,0x59,0xB2,0x23,0xDC,0x51,0x4E,0xBC,0x08,0x63,0x3C,0x4A,0xD7,0xE9,0x4D,0x79,0x8C,0x7C,0x15,0xA3,0x4E,0x32,0x10,0x18,0x87,0x85,0x2D,0xBE,0x13,0x8F,0xD1,0x4D,0x13,0x8B,0x7F,0xA3,0x95,0x9E,0x0F,0x1D,0x7A,0x1E,0x9B,0xEA,0xEA,0x55,0x68,0x0C,0xEB,0x31,0x27,0x3D,0xCC,0x15,0x85,0xA9,0xF4,0x03,0xBE,0x7A,0x41,0x01,0xE2,0xF4,0x8E,0x88,0xF3,0x58,0x24,0x3D,0x3F,0xF0,0x55,0x69,0x65,0xBA,0xE0,0x18,0x95,0x24,0xB3,0xA7,0xB7,0x0E,0x3E,0x8B,0xCC,0x19,0x2A,0x74,0x38,0xA3,0x7E,0x57,0x73,0x09,0x35,0xFB,0xD5,0x46,0x42,0x86,0xB9,0x31,0x98,0xED,0x73,0xBA,0xAB,0x69,0x28,0x3B,0xF1,0x05,0x40,0x9C,0x3C,0xE9,0x0E,0xFB,0xDA,0x7A,0x45,0xF0,0x7E,0x40,0x8B,0x5F,0x59,0x29,0x6F,0xE1,0x27,0x00,0x86,0x17,0xBC,0x1C,0xFB,0x7F,0xBF,0x83,0x5C,0x75,0x69,0xED,0xEC,0x6C,0x63,0x5E,0x84,0x0A,0x9A,0xC7,0x30,0x9A,0x6B,0xFE,0x99,0x4A,0xDA,0x0D,0x28,0x85,0x4C,0x26,0xC4,0xD6,0x23,0x73,0xE2,0xCF,0x2D,0xDE,0x14,0x9C,0xCE,0x2E,0xF2,0x39,0x4E,0xB3,0x2A,0x37,0x78,0xF5,0x50,0x85,0xBE,0xD5,0x13,0xC8,0x06,0x52,0x3B,0xAA,0x5F,0x33,0xAD,0x83,0x8A,0xBA,0x34,0x35,0x42,0x82,0x79,0x63,0x90,0x45,0xD3,0xDA,0x6E,0x55,0xE8,0xAD,0x37,0xB5,0x7C,0x45,0xC9,0x57,0x86,0x1E,0x05,0xE1,0xD8,0xB2,0x4C,0xAA,0x42,0x96,0x79,0x70,0xCD,0x70,0x01,0x8D,0xA7,0x13,0x9D,0xE0,0x2F,0xE8,0xA7,0xFC,0x69,0xA3,0x7E,0x30,0x5A,0x75,0x27,0x3C,0xB3,0x60,0x1A,0xEC,0x91,0x52,0x1C,0xF6,0x86,0xC4,0x3C,0x75,0x1D,0xE0,0x6D,0x05,0xD9,0xDE,0x31,0x35,0x8A,0xB6,0xAD,0xF5,0x39,0x00,0xD1,0xD8,0x31,0x60,0x08,0x82,0x8A,0xC5,0x13,0xEE,0x82,0xF4,0x4E,0xF1,0xFF,0x2A,0xF6,0x94,0x37,0x1F,0x97,0x1E,0xD7,0x68,0x8A,0x78,0xDB,0xE4,0x20,0x49,0xAB,0x6F,0xDC,0xA5,0x70,0x90,0x93,0x48,0x5D,0x9F,0x03,0x7D,0x63,0xE4,0x19,0xFF,0xB3,0x76,0x60,0x89,0xBF,0xBE,0xDC,0x4B,0x35,0xEB,0xCE,0xAC,0x5A,0x3D,0x84,0xDA,0x54,0xE5,0xB2,0x38,0x11,0xC3,0xB3,0x29,0x6B,0x96,0x92,0x9A,0x14,0x84,0x89,0x11,0x43,0x71,0x97,0x28,0x56,0xF6,0x4A,0x83,0x96,0xFC,0x9E,0x01,0xC5,0x52,0x78,0x3F,0x0D,0xC9,0x2B,0xDF,0xA2,0xCF,0xCB,0x93,0x6C,0xFE,0x5B,0x1C,0x99,0x0E,0x84,0x9D,0x1A,0x1C,0x27,0x4A,0x8D,0x5E,0x42,0xD2,0x2B,0xFA,0x90,0xAA,0x58,0x03,0xD5,0x3B,0x93,0x3F,0xF6,0x8A,0xDD,0x15,0x17,0x82,0xEB,0x36,0x2D,0x96,0xA9,0xFD,0x51,0xBE,0x37,0xD9,0x67,0x28,0xD6,0x9F,0xBF,0x43,0x4E,0x7C,0x35,0xAF,0x95,0x6B,0xD5,0xCE,0x0B,0x38,0x9D,0x8F,0x84,0x2C,0x64,0x9F,0x79,0x11,0x7D,0x47,0xDD,0x3B,0x42,0x16,0xEB,0xBF,0xFB,0x4A,0xAF,0xE0,0x06,0x96,0x99,0x4D,0x3A,0x26,0x31,0xE4,0xA6,0x88,0x4F,0xA2,0x00,0x51,0x2E,0xC0,0x67,0xC3,0xB8,0xF3,0x00,0xA3,0x1C,0xAE,0x65,0xA0,0xB5,0x32,0x96,0x31,0x4E,0xFD,0xC7,0x17,0x68,0xFF,0xB8,0x27,0x2C,0x95,0x03,0x70,0xEF,0x9C,0x84,0x8E,0x78,0xA7,0xF2,0xD1,0x34,0x8E,0xC2,0x7A,0xB8,0x09,0x06,0x78,0x4B,0x30,0xCF,0x70,0x4A,0xC0,0xA4,0x44,0xA8,0xA1,0x39,0x52,0x3A,0x72,0x1D,0x8F,0xA3,0x9D,0xBF,0xD0,0x7D,0x9D,0xFF,0xD9,0x28,0x3A,0x38,0xB7,0xF9,0xA6,0x49,0x06,0xCB,0x65,0xB7,0x2E,0x01,0x0F,0x61,0x65,0x8C,0x10,0xAA,0xE1,0x5A,0x1C,0x5B,0xB9,0x28,0x6A,0xD1,0x90,0x2D,0xC4,0x69,0x43,0xF4,0x4D,0x51,0x3A,0xDB,0x05,0x84,0x52,0x5D,0x04,0x19,0xB1,0x54,0x27,0x64,0x2A,0xCE,0x44,0x33,0xD9,0x9D,0xC4,0x41,0x75,0x28,0x28,0xB2,0x97,0xC0,0x68,0x7D,0x3E,0x67,0xB5,0xB8,0x00,0x9B,0xB0,0x2C,0x94,0x11,0xEE,0x7C,0xED,0x2E,0x22,0x39,0xA9,0xD5,0xC9,0x1A,0xF0,0xAC,0x4D,0x5E,0x72,0xCB,0x8A,0x7E,0xAE,0x00,0xC5,0xBC,0x29,0x27,0x16,0x1C,0x85,0x1B,0xFA,0x45,0x3A,0xAB,0x94,0xB5,0x64,0xA1,0x68,0x04,0x6A,0x4E,0xEB,0x28,0x3D,0x33,0xF9,0x4E,0x59,0xFE,0xB7,0x6B,0x25,0x6A,0xC1,0xE3,0x35,0xD2,0xAC,0x2C,0xF0,0x6F,0x60,0x3F,0x21,0x4E,0x98,0xA7,0x47,0x36,0x4A,0xD3,0x6F,0xBD,0x51,0xA9,0xA7,0x31,0x9D,0x88,0x63,0xD0,0xEB,0x14,0x25,0x71,0x33,0x82,0xA7,0x6A,0x82,0x6C,0xA3,0x81,0x91,0x0B,0x85,0x57,0xAE,0x9A,0x62,0x4D,0x10,0x45,0x41,0xF3,0xC5,0x9F,0x8B,0x2E,0xC2,0x7F,0xA7,0x6A,0x4D,0x7D,0xF3,0x36,0x42,0x97,0x56,0xD3,0xE3,0xFC,0xE6,0x15,0x57,0xCA,0x97,0xC8,0x86,0x9A,0x30,0x6E,0x3C,0x59,0x9E,0x7F,0xA0,0x26,0x33,0x6F,0x0A,0x46,0x97,0xD0,0x5F,0xCC,0x37,0x3A,0x5B,0xE1,0x51,0x1E,0xD4,0x07,0xD9,0x5F,0x4F,0xC5,0x6D,0x5C,0x00,0x4E,0xBB,0xC2,0x39,0xCC,0x0A,0x86,0x1E,0xDB,0x70,0x10,0xB3,0x2F,0xE6,0x29,0x50,0x03,0x44,0xA2,0xB8,0xCF,0x4D,0xA7,0x4A,0x1A,0xFD,0x42,0x90,0x21,0x9B,0xE7,0x32,0xE1,0xE7,0xDA,0x45,0x48,0xC4,0x9E,0x4B,0x77,0xA1,0xF1,0x1E,0xFB,0x5B,0xE8,0xE7,0xB1,0x1E,0xF6,0x8A,0xC4,0x6E,0x29,0x40,0xF4,0x89,0x1E,0xA7,0x84,0x0B,0x6F,0xA8,0xD3,0x8B,0x7D,0x42,0x60,0xCE,0x0C,0x36,0x1E,0x45,0xFC,0xAF,0x83,0x9A,0x18,0x21,0xBA,0x55,0x03,0x18,0x68,0x51,0x95,0xC0,0x93,0xDF,0x29,0x93,0x03,0x31,0xF4,0xD8,0x9C,0xF9,0xB4,0xCB,0x3B,0x8D,0x94,0x18,0x37,0x61,0x18,0x48,0x49,0x56,0xF3,0x16,0x3E,0x6D,0xB8,0x7C,0x29,0xB1,0x82,0x55,0x7D,0xD1,0xEA,0xAD,0xE6,0x64,0xF3,0x18,0x49,0x5A,0x0F,0xF5,0xB6,0x5A,0x1A,0x51,0x70,0x1F,0x31,0xFD,0x60,0x71,0x4E,0x41,0x2C,0xD5,0xFA,0x47,0x05,0x88,0x59,0xF0,0x23,0xD0,0xEF,0xCB,0x39,0x74,0x9F,0xC8,0x61,0xAA,0x62,0xB5,0x2A,0xCE,0x8E,0x74,0x76,0xA2,0x73,0x53,0x3A,0xFC,0x17,0x36,0x64,0xFF,0x89,0x78,0x92,0xE3,0x35,0xDE,0xC4,0x35,0x7B,0x4A,0x29,0xFE,0x6F,0x13,0xC8,0xD1,0x45,0xB3,0x8C,0xC9,0xFB,0x5F,0x9C,0xF9,0x9D,0xA8,0x3D,0xC6,0xCB,0x43,0x7A,0x29,0xDE,0x4D,0x31,0x56,0x04,0x86,0xAD,0xE5,0x64,0xA6,0xAE,0x4A,0x73,0x3B,0x2A,0xB1,0x0E,0x49,0xD2,0x34,0x79,0xD9,0xE4,0x11,0xF3,0xB4,0x5D,0x37,0x12,0x76,0xB0,0x59,0x85,0xEA,0xD0,0x3D,0xEA,0x89,0x7E,0x72,0xC0,0x2C,0x12,0x3F,0x71,0x0D,0x72,0xCD,0x3A,0x1D,0x93,0x02,0xD9,0x70,0x2D,0xBF,0xFE,0xE3,0x65,0xB4,0x97,0xAC,0x9F,0x72,0x20,0xB0,0xDA,0xC0,0x3A,0x70,0xAB,0x8E,0xAE,0x39,0xF6,0xE9,0x1C,0x4F,0x9F,0xD1,0x0E,0xEB,0x40,0x8A,0x36,0x76,0x34,0xA8,0x41,0x92,0x2E,0x22,0xDE,0x98,0x06,0xB0,0x93,0x8F,0xBA,0x4A,0x2E,0x8F,0xCD,0xEA,0xA0,0x27,0x8B,0xF4,0x2E,0x6B,0xEB,0x68,0xD1,0x66,0xE0,0x92,0x60,0x89,0x40,0xA9,0x94,0xE7,0x6B,0x22,0xDD,0xC7,0x3D,0x1A,0x76,0x39,0xF3,0x51,0x97,0x55,0x2A,0x61,0xE9,0xED,0x73,0x29,0x83,0xFA,0x7A,0xE4,0x9C,0xC6,0x16,0xCC,0x79,0xA4,0x0A,0xA7,0x64,0xAE,0x1F,0xBA,0x31,0x14,0xD1,0xFB,0xDB,0xC7,0xD3,0x78,0xAA,0x63,0xBC,0xB4,0xB9,0x10,0xC7,0x20,0x8D,0x34,0x13,0xE1,0x66,0xBE,0x23,0xFC,0x43,0xD0,0xDC,0x16,0xB4,0xD4,0xD2,0xCC,0x0E,0x2C,0xC7,0x9F,0xA2,0x28,0x67,0xA2,0xCF,0x51,0x2E,0x87,0x9F,0x39,0x29,0x7D,0xDE,0x41,0x60,0xCE,0x60,0x89,0x5B,0x5A,0x57,0x2D,0xE3,0xE3,0xD0,0x69,0x4F,0x3B,0xA3,0x09,0xC9,0x32,0x04,0xCA,0x28,0xB8,0x1D,0x10,0x7B,0x5D,0x53,0xCA,0x72,0x85,0xE2,0x13,0xC8,0x19,0x40,0x28,0x27,0x09,0xC0,0x7A,0x0A,0x69,0xCE,0xAA,0xA0,0xEB,0x15,0xC2,0x5D,0x72,0xCD,0x1B,0xC0,0xF8,0xCA,0x36,0x34,0x56,0x5F,0x79,0xCA,0xA2,0x8F,0xBC,0xB0,0xB8,0xCB,0xDF,0xEC,0xD4,0xDA,0x54,0x76,0xC4,0x1A,0x55,0xE5,0xCE,0x0A,0x6D,0xCB,0x69,0x35,0x9B,0xE5,0x0B,0xBB,0x8D,0xDA,0xCA,0xA9,0xC3,0xB9,0x59,0xA2,0x14,0x64,0x03,0xD9,0x54,0x8D,0x46,0x24,0xB5,0x3D,0xA2,0xA5,0xAB,0x4F,0x1B,0xBD,0xF1,0xFC,0x9D,0x70,0x77,0x79,0x0C,0x3A,0x54,0x8B,0x86,0x91,0x06,0x6B,0xDF,0x9E,0xEF,0xC1,0x76,0x9B,0x5B,0x98,0x14,0x99,0x32,0x31,0x37,0xC9,0x88,0x1B,0x87,0xE1,0x67,0x61,0x13,0xFB,0x9D,0x41,0x68,0x24,0x8B,0xDA,0xD6,0xB9,0x5D,0x29,0x78,0x5D,0x48,0x13,0xB6,0x81,0x85,0xA3,0x84,0xB3,0x6B,0x15,0x60,0x95,0x90,0x05,0x2E,0x65,0x1B,0x50,0x43,0x81,0xCD,0x26,0x8D,0x28,0xF1,0x42,0x46,0xAE,0xEB,0x7B,0xE2,0xBB,0xF1,0x61,0x12,0xC8,0x27,0xFB,0x13,0x06,0x69,0xE5,0x6F,0x46,0xD8,0x2C,0x63,0x78,0xC0,0x62,0xA0,0xD3,0x35,0xE5,0x48,0x3A,0x26,0xBD,0xE0,0x63,0xC1,0x7C,0xEA,0x46,0xBC,0x81,0x5B,0xA3,0x07,0x40,0x37,0x80,0x6E,0x9C,0x33,0x29,0xDE,0xBF,0x34,0xDF,0x35,0x30,0x75,0x3C,0x58,0x2F,0x05,0xE6,0x93,0x52,0xA4,0x55,0x10,0x9C,0x61,0xBF,0xD0,0x01,0x9B,0xE6,0xE6,0x53,0x5F,0x31,0x8D,0x81,0x1C,0xF9,0x1A,0xC5,0xCD,0x97,0xEB,0xC1,0x29,0xE7,0xBD,0x3A,0xBD,0xF8,0x1B,0x01,0x94,0x88,0xBA,0x03,0x2B,0xD5,0x79,0x29,0x60,0x18,0x7F,0x3F,0xA0,0xAE,0xD2,0x40,0x74,0x65,0x1C,0x64,0xA3,0x6E,0x94,0x8B,0x91,0xCB,0x11,0xDE,0x46,0x80,0xF1,0x88,0xAE,0x59,0xA6,0x2F,0x26,0xE4,0x88,0x6B,0xC8,0x71,0xA0,0x09,0x8E,0x6B,0x90,0xE1,0xEE,0xB7,0xF7,0xBC,0x3C,0xF5,0xAE,0x36,0xE2,0xAF,0xDC,0xE5,0xFD,0x96,0xFB,0xC1,0x81,0x18,0x94,0xCF,0x8E,0x6A,0x7A,0x64,0x5F,0x25,0x07,0x20,0x08,0x62,0x58,0x1D,0xD0,0xCD,0x5D,0x77,0x3D,0x47,0x40,0x53,0x8B,0xDF,0x7C,0x6C,0xDF,0x76,0x80,0x86,0x9C,0x60,0x96,0x5C,0x69,0x9E,0xA0,0x50,0x30,0x9F,0x7F,0x36,0x6E,0xE1,0x25,0x0D,0x63,0xB3,0xA2,0xF7,0xA3,0x56,0x0C,0xBE,0xEF,0x98,0xC5,0x92,0x8D,0xEF,0x67,0x66,0xFE,0x85,0x8B,0x31,0x2B,0xCE,0x51,0x79,0x60,0x3C,0xC0,0x2E,0x6C,0x92,0x8D,0x74,0xCA,0x00,0x0D,0xB5,0x4D,0xA9,0x06,0x37,0xA2,0x37,0xAF,0x5E,0x5D,0x7B,0x46,0xC5,0x70,0xDE,0xCF,0xEA,0x0F,0x3D,0x51,0x22,0x15,0xF0,0x82,0x2E,0xD1,0x13,0xB8,0x1A,0x3E,0x98,0xCD,0x95,0xE4,0xB3,0xC9,0x0E,0x57,0x96,0x9D,0xCD,0x45,0x8D,0x5A,0x62,0x73,0x70,0xB6,0x97,0xD2,0xAB,0xE7,0xB2,0xFB,0x9D,0x18,0x4B,0x45,0xEA,0x3F,0x00,0x81,0x60,0x80,0x40,0xBB,0x5F,0x0D,0x3A,0x88,0x9D,0x6C,0xAE,0x3E,0x7A,0x19,0x7A,0xCB,0x85,0xD5,0x13,0x8A,0x42,0x2B,0x27,0xB2,0x8F,0x3C,0xE3,0x6F,0x7F,0xE7,0x30,0x72,0x79,0xA1,0x09,0x54,0xC1,0x06,0x86,0x8C,0x70,0xDE,0xC1,0x37,0x3A,0xBB,0xE8,0xDF,0xF8,0xAC,0x40,0x82,0x03,0xE2,0x10,0x5C,0x20,0x28,0xFF,0x48,0xCE,0xD2,0x3C,0x27,0x55,0x12,0xD8,0x49,0x77,0x22,0xD7,0xB1,0x87,0x09,0x8F,0xB1,0x8D,0x6C,0x0D,0xEA,0x0F,0x95,0xF3,0x2B,0xF2,0x79,0xEE,0x55,0x1E,0x28,0x1F,0x60,0x25,0x86,0x70,0x4B,0x37,0x86,0x03,0x66,0x5E,0x4A,0xC8,0xD9,0x61,0xA5,0x93,0x53,0x54,0xBA,0xF1,0x05,0x0D,0x9A,0x2D,0xCB,0x58,0xEF,0x60,0xD7,0xEB,0x65,0x27,0xFE,0x5F,0xBF,0xBC,0x17,0x67,0x1A,0x38,0xE5,0x6F,0x53,0x0D,0xA4,0xED,0x75,0xE5,0xE5,0xF5,0xC1,0x8C,0x36,0xBE,0xB4,0x34,0xB7,0xFD,0xF5,0x03,0x29,0xB4,0x9A,0x72,0x26,0x10,0xCB,0x9E,0x69,0x8D,0x86,0x38,0x09,0x74,0x75,0x30,0x23,0xB6,0xF4,0x23,0x3D,0xEB,0xAB,0xA7,0x59,0x3C,0x1F,0x84,0xFF,0x21,0xEE,0x50,0xBD,0x4D,0xA6,0x3A,0x22,0x2F,0xCF,0x34,0x1D,0x42,0xD6,0xE0,0xF9,0x3B,0x19,0x4C,0x01,0xB7,0xA0,0xA1,0x96,0x53,0x15,0x24,0x8C,0x5B,0xF6,0x4D,0x7A,0xA9,0xD0,0x94,0xB0,0xF4,0x69,0x57,0x97,0xAA,0x82,0x21,0x1E,0x04,0x6B,0x29,0xCD,0x1F,0x94,0xB7,0xFA,0x15,0x8F,0x43,0xB9,0xDA,0x3F,0xA2,0xF9,0x06,0xD9,0xBC,0x42,0x89,0xE7,0xF4,0x87,0x48,0x72,0x16,0xD9,0x8C,0xED,0x3D,0xDE,0x34,0xB6,0x46,0xE0,0x4B,0x8D,0x3F,0x5B,0xA0,0x15,0x45,0x29,0x2F,0x3B,0xFB,0xB6,0xFA,0x2A,0x88,0xFD,0xDB,0xBE,0xE4,0xAF,0x67,0x5D,0x88,0x9D,0x86,0x29,0x54,0xD7,0x0C,0xAC,0x0F,0x24,0xD9,0xFE,0x03,0x02,0x46,0xFB,0xBF,0x2B,0x88,0x12,0x22,0xA4,0xC2,0x8D,0x6C,0x6F,0x51,0xD1,0x32,0x5C,0x05,0xEF,0x98,0xC8,0xF2,0x41,0xD7,0x64,0x44,0x50,0xF7,0x71,0x05,0x5A,0x10,0x63,0x5C,0x36,0xED,0xCA,0xFA,0xA9,0xC3,0xEA,0x9C,0xA8,0x6E,0x1E,0x33,0x43,0xD4,0x48,0x81,0xF8,0xC3,0xB6,0xD8,0x34,0x33,0xEB,0xAA,0x93,0x71,0x83,0x0F,0xDC,0x7A,0x42,0x16,0x45,0x8C,0x4D,0xEB,0x44,0x1C,0x30,0x92,0xF8,0x40,0x5E,0xD0,0xB8,0xD9,0xFD,0x85,0xD1,0x2C,0x40,0x43,0xBC,0x49,0x40,0xB4,0x5F,0xAA,0x90,0xE6,0x08,0x98,0xC0,0xA4,0x0F,0x7F,0x70,0x6A,0x12,0x4F,0xF6,0x2C,0x6C,0xAF,0x36,0xF9,0x31,0xCF,0x96,0xF2,0x83,0xAA,0x16,0xD7,0x69,0xF8,0x1E,0x8A,0x9F,0x24,0x82,0x28,0xBB,0xD2,0x50,0xF1,0x9B,0x4B,0x12,0x2B,0xF1,0x0E,0x78,0x56,0x04,0x1F,0x2C,0x34,0xFB,0x9F,0x1A,0x1A,0xED,0x9D,0x39,0xCB,0xF5,0x7C,0x60,0x12,0x7C,0x36,0xE6,0x8D,0xC6,0x14,0x77,0xEF,0x50,0x69,0xE5,0x1A,0xCA,0x78,0xA1,0x68,0x7E,0x4D,0x3E,0x67,0xD2,0x2F,0x05,0x04,0x22,0xD5,0x44,0x6E,0x02,0x0C,0x5C,0xB8,0xEF,0xF0,0x1E,0x8F,0xF9,0x6F,0x0A,0x8E,0xFA,0x14,0xCF,0x71,0x26,0x81,0x78,0xDC,0xFC,0xF6,0xEF,0x1B,0x31,0x0E,0x09,0x87,0x34,0x6D,0xD6,0xCA,0x49,0x01,0xC4,0x2E,0x9F,0xAB,0xB6,0xA2,0x10,0x3D,0x8A,0x89,0x2B,0xBE,0x27,0xD7,0xF1,0xA0,0x64,0x4D,0x98,0x62,0x85,0x03,0xA9,0xC6,0xA2,0x3E,0xCD,0x6D,0x14,0x5C,0x2A,0x77,0x2A,0x8E,0x7A,0xDB,0x77,0x52,0xDF,0x0E,0xDF,0x8A,0x00,0x30,0x60,0xB7,0xA1,0xD5,0x63,0x0F,0xBD,0x36,0x85,0xC4,0x53,0x39,0x59,0x8A,0x09,0xF5,0xFA,0xB4,0xA2,0x10,0x32,0x52,0x57,0x0C,0x2C,0x0C,0xA0,0x13,0x60,0xB2,0x0D,0x4F,0xED,0xF7,0x97,0x16,0x15,0x06,0xAB,0x2D,0x30,0x9E,0x5E,0xBF,0x03,0x16,0xC2,0xEF,0x7D,0xB2,0xD1,0x8E,0x30,0x56,0x65,0x86,0xFB,0xF3,0x4E,0x57,0xF7,0x99,0x5A,0x7A,0xFB,0xB3,0x67,0x45,0x77,0x38,0x65,0xEB,0x16,0x81,0x14,0x06,0x61,0x32,0x95,0xE0,0xA6,0x2A,0x26,0xE0,0xAD,0xC2,0x54,0xED,0xBF,0x3A,0x02,0x77,0xF0,0x70,0x65,0x64,0x3E,0x7D,0xE2,0x4D,0xC9,0x1D,0x56,0x50,0x4F,0xFA,0x8B,0x43,0xB6,0xAF,0x1D,0x2C,0x18,0x11,0x8D,0x18,0xA4,0x37,0xD8,0x6F,0xA9,0x5C,0x34,0xDE,0x2B,0x6F,0xBA,0xD9,0xE0,0x86,0x72,0xE8,0x06,0x61,0x30,0x15,0x58,0x17,0x70,0x7C,0x31,0xE7,0x27,0x23,0xC7,0x8A,0xDD,0xD5,0xE5,0x3D,0xA8,0x33,0xCE,0x31,0xA0,0xB7,0x04,0xEC,0x20,0x45,0x90,0x0A,0x16,0xCD,0x33,0xF3,0x3E,0xDD,0x36,0x0C,0x2B,0xB5,0xD2,0xD5,0x6B,0x00,0xB7,0xC2,0x9C,0xEF,0x60,0x3C,0xF7,0x5D,0x73,0xB6,0xD9,0xF3,0xE0,0xCB,0xDA,0x10,0xA8,0xEB,0xB2,0x33,0x5E,0xAB,0x07,0x2F,0x23,0x68,0xC3,0xDF,0xF3,0xE1,0xBB,0xFE,0xAD,0x27,0xAA,0xCE,0x02,0xFD,0x79,0xB5,0x13,0x81,0x33,0xC6,0x32,0xA7,0xC0,0x06,0x76,0xF7,0x5D,0xAA,0x49,0x82,0x55,0xA2,0xC1,0x3B,0x22,0x41,0xAE,0xFA,0x76,0x66,0x3F,0x88,0xEA,0x8B,0x34,0x75,0x48,0x6E,0xF1,0x0D,0x68,0xB8,0xB8,0x3F,0x1C,0x62,0xAE,0x78,0x03,0x0E,0xC9,0x88,0xEE,0x6B,0x76,0x90,0xF9,0xDD,0x8D,0x75,0xEF,0x6A,0xB1,0xA8,0x56,0xD0,0xA6,0xEE,0x9B,0x17,0x0A,0x05,0xAE,0xD7,0xFD,0x5B,0x4A,0xDA,0x4E,0xEF,0xFD,0x2C,0xF8,0x64,0xFE,0x96,0x5F,0x02,0x70,0x01,0x60,0x3A,0xE1,0xD5,0xB5,0xA5,0xC5,0xB2,0x34,0xD5,0x81,0xBA,0x4B,0x76,0x8A,0x30,0x93,0x2D,0xB1,0x64,0x3A,0x04,0x86,0x58,0x89,0x8E,0x06,0x7A,0x40,0xAD,0x30,0xD2,0xAE,0xF5,0x6E,0x04,0x54,0x0B,0x2E,0xA8,0x50,0xD9,0xF2,0xD9,0x5C,0x89,0x59,0xC1,0xF3,0xAD,0xC2,0x87,0x57,0xE4,0xBB,0xD3,0x00,0x83,0x8B,0x58,0xDE,0xA7,0xBB,0x34,0xBA,0xF4,0x3E,0x5F,0x6A,0x4A,0x2E,0x21,0x53,0x0E,0x93,0x45,0xC4,0x49,0x27,0x0F,0x64,0xC7,0x8E,0x91,0x0D,0x55,0x8F,0x0C,0xF0,0x84,0x65,0x86,0xAA,0x95,0x16,0x80,0xA6,0x85,0xFE,0x72,0xF7,0xD6,0xC4,0xD9,0x4B,0xD6,0x71,0xE8,0x31,0xCE,0xF2,0x77,0xD1,0xB8,0x6B,0x59,0x71,0xA0,0xC8,0x84,0x9D,0x3D,0xBD,0xC7,0xAD,0xAD,0x9E,0xDB,0x58,0x26,0x71,0x8E,0xA2,0xD0,0x9E,0xC8,0x6A,0x48,0x41,0xED,0x1B,0x0B,0xF0,0x9F,0x1B,0x7C,0xEF,0xE8,0xDA,0xF0,0x78,0xB9,0xDC,0xBA};

const DALSYSPropStructTblType DALPROP_StructPtrs_53xx_oem_tz[85] =  {
	 {sizeof(void *), &ABT_propdata_oem_53xx_oem_tz},
	 {sizeof(void *), &NOCERR_propdata_oem_53xx_oem_tz},
	 {sizeof(devcfg_2), &devcfg_2},
	 {sizeof(devcfg_3), &devcfg_3},
	 {sizeof(devcfg_4), &devcfg_4},
	 {sizeof(devcfg_5), &devcfg_5},
	 {sizeof(devcfg_6), &devcfg_6},
	 {sizeof(devcfg_7), &devcfg_7},
	 {sizeof(devcfg_8), &devcfg_8},
	 {sizeof(devcfg_9), &devcfg_9},
	 {sizeof(devcfg_10), &devcfg_10},
	 {sizeof(devcfg_11), &devcfg_11},
	 {sizeof(devcfg_12), &devcfg_12},
	 {sizeof(devcfg_13), &devcfg_13},
	 {sizeof(devcfg_14), &devcfg_14},
	 {sizeof(devcfg_15), &devcfg_15},
	 {sizeof(devcfg_16), &devcfg_16},
	 {sizeof(devcfg_17), &devcfg_17},
	 {sizeof(devcfg_18), &devcfg_18},
	 {sizeof(devcfg_19), &devcfg_19},
	 {sizeof(devcfg_20), &devcfg_20},
	 {sizeof(devcfg_21), &devcfg_21},
	 {sizeof(devcfg_22), &devcfg_22},
	 {sizeof(devcfg_23), &devcfg_23},
	 {sizeof(devcfg_24), &devcfg_24},
	 {sizeof(devcfg_25), &devcfg_25},
	 {sizeof(devcfg_26), &devcfg_26},
	 {sizeof(devcfg_27), &devcfg_27},
	 {sizeof(devcfg_28), &devcfg_28},
	 {sizeof(devcfg_29), &devcfg_29},
	 {sizeof(devcfg_30), &devcfg_30},
	 {sizeof(devcfg_31), &devcfg_31},
	 {sizeof(devcfg_32), &devcfg_32},
	 {sizeof(devcfg_33), &devcfg_33},
	 {sizeof(devcfg_34), &devcfg_34},
	 {sizeof(devcfg_35), &devcfg_35},
	 {sizeof(devcfg_36), &devcfg_36},
	 {sizeof(devcfg_37), &devcfg_37},
	 {sizeof(devcfg_38), &devcfg_38},
	 {sizeof(devcfg_39), &devcfg_39},
	 {sizeof(devcfg_40), &devcfg_40},
	 {sizeof(devcfg_41), &devcfg_41},
	 {sizeof(devcfg_42), &devcfg_42},
	 {sizeof(devcfg_43), &devcfg_43},
	 {sizeof(devcfg_44), &devcfg_44},
	 {sizeof(devcfg_45), &devcfg_45},
	 {sizeof(devcfg_46), &devcfg_46},
	 {sizeof(devcfg_47), &devcfg_47},
	 {sizeof(devcfg_48), &devcfg_48},
	 {sizeof(devcfg_49), &devcfg_49},
	 {sizeof(devcfg_50), &devcfg_50},
	 {sizeof(devcfg_51), &devcfg_51},
	 {sizeof(devcfg_52), &devcfg_52},
	 {sizeof(devcfg_53), &devcfg_53},
	 {sizeof(devcfg_54), &devcfg_54},
	 {sizeof(devcfg_55), &devcfg_55},
	 {sizeof(devcfg_56), &devcfg_56},
	 {sizeof(devcfg_57), &devcfg_57},
	 {sizeof(devcfg_58), &devcfg_58},
	 {sizeof(devcfg_59), &devcfg_59},
	 {sizeof(devcfg_60), &devcfg_60},
	 {sizeof(devcfg_61), &devcfg_61},
	 {sizeof(devcfg_62), &devcfg_62},
	 {sizeof(devcfg_63), &devcfg_63},
	 {sizeof(devcfg_64), &devcfg_64},
	 {sizeof(devcfg_65), &devcfg_65},
	 {sizeof(devcfg_66), &devcfg_66},
	 {sizeof(devcfg_67), &devcfg_67},
	 {sizeof(devcfg_68), &devcfg_68},
	 {sizeof(devcfg_69), &devcfg_69},
	 {sizeof(devcfg_70), &devcfg_70},
	 {sizeof(devcfg_71), &devcfg_71},
	 {sizeof(devcfg_72), &devcfg_72},
	 {sizeof(devcfg_73), &devcfg_73},
	 {sizeof(devcfg_74), &devcfg_74},
	 {sizeof(devcfg_75), &devcfg_75},
	 {sizeof(devcfg_76), &devcfg_76},
	 {sizeof(devcfg_77), &devcfg_77},
	 {sizeof(devcfg_78), &devcfg_78},
	 {sizeof(void *), &oem_rst_reason_list_53xx_oem_tz},
	 {sizeof(devcfg_80), &devcfg_80},
	 {sizeof(devcfg_81), &devcfg_81},
	 {sizeof(devcfg_82), &devcfg_82},
	 {sizeof(devcfg_83), &devcfg_83},
	{0, 0 } 
 };
const uint32 DALPROP_PropBin_53xx_oem_tz[] = {

			0x00002d6c, 0x00000080, 0x00001178, 0x00001bb8, 0x00001bb8, 
			0x0000000d, 0x02000048, 0x00002130, 0x020000b9, 0x0000219c, 
			0x020000ba, 0x00002208, 0x020000bb, 0x00002274, 0x020000bc, 
			0x000022e0, 0x0200012a, 0x0000234c, 0x0200012b, 0x000023b8, 
			0x0200012c, 0x00002424, 0x0200012d, 0x00002490, 0x0200012e, 
			0x000024fc, 0x0200012f, 0x00002568, 0x02000130, 0x000025d4, 
			0x00000000, 0x00002640, 0x50494843, 0x5355425f, 0x444e495f, 
			0x43005845, 0x5f504948, 0x5f515249, 0x004d554e, 0x50494843, 
			0x5055515f, 0x5341425f, 0x44415f45, 0x43005244, 0x5f504948, 
			0x53505041, 0x4b4c435f, 0x4552465f, 0x484b5f51, 0x4843005a, 
			0x425f5049, 0x5f50534c, 0x004d554e, 0x455f5753, 0x4c42414e, 
			0x4e495f45, 0x52524554, 0x53545055, 0x43324900, 0x5f505551, 
			0x53505041, 0x4b4c435f, 0x43324900, 0x5f505551, 0x5f424841, 
			0x004b4c43, 0x51433249, 0x475f5055, 0x5f4f4950, 0x00414453, 
			0x51433249, 0x475f5055, 0x5f4f4950, 0x004c4353, 0x5f4d554e, 
			0x49524550, 0x425f4850, 0x5f50534c, 0x45524f43, 0x554e0053, 
			0x4c425f4d, 0x5f315053, 0x5f505551, 0x45524f43, 0x554e0053, 
			0x4c425f4d, 0x5f325053, 0x5f505551, 0x45524f43, 0x554e0053, 
			0x4c425f4d, 0x5f315053, 0x54524155, 0x524f435f, 0x4e005345, 
			0x425f4d55, 0x3250534c, 0x5241555f, 0x4f435f54, 0x00534552, 
			0x50534c42, 0x4c425f31, 0x425f5053, 0x425f4d41, 0x00455341, 
			0x50534c42, 0x4c425f32, 0x425f5053, 0x425f4d41, 0x00455341, 
			0x50534c42, 0x41425f31, 0x49505f4d, 0x535f4550, 0x425f4449, 
			0x00455341, 0x50534c42, 0x41425f32, 0x49505f4d, 0x535f4550, 
			0x425f4449, 0x00455341, 0x50534c42, 0x43485f31, 0x4e5f4b4c, 
			0x00454d41, 0x50534c42, 0x43485f32, 0x4e5f4b4c, 0x00454d41, 
			0x4d4d4c54, 0x4d554e5f, 0x4c49545f, 0x54005345, 0x5f4d4d4c, 
			0x45534142, 0x4444415f, 0x54005352, 0x5f4d4d4c, 0x5f555058, 
			0x00534449, 0x5f505551, 0x45524f43, 0x4d554e5f, 0x50555100, 
			0x5341425f, 0x44415f45, 0x53005244, 0x4e455f57, 0x454c4241, 
			0x4d41425f, 0x4d414200, 0x534c425f, 0x44495f50, 0x4d414200, 
			0x5341425f, 0x44415f45, 0x42005244, 0x495f4d41, 0x5245544e, 
			0x54505552, 0x0044495f, 0x5f4d4142, 0x505f5854, 0x5f455049, 
			0x004d554e, 0x5f4d4142, 0x505f5852, 0x5f455049, 0x004d554e, 
			0x4f495047, 0x4d554e5f, 0x5252415f, 0x69706700, 0x70735f6f, 
			0x6c635f69, 0x74735f6b, 0x70670072, 0x735f6f69, 0x635f6970, 
			0x74735f73, 0x70670072, 0x735f6f69, 0x6d5f6970, 0x5f69736f, 
			0x00727473, 0x6f697067, 0x6970735f, 0x73696d5f, 0x74735f6f, 
			0x61440072, 0x766e456c, 0x72615400, 0x43746567, 0x41006766, 
			0x505f5442, 0x64706f72, 0x5f617461, 0x006d656f, 0x45434f4e, 
			0x726f7272, 0x6f72505f, 0x74616470, 0x656f5f61, 0x7571006d, 
			0x306c5f70, 0x005d305b, 0x5f707571, 0x305b316c, 0x7571005d, 
			0x326c5f70, 0x005d305b, 0x5f707571, 0x305b336c, 0x7571005d, 
			0x326c5f70, 0x005d395b, 0x5f707571, 0x395b336c, 0x7571005d, 
			0x306c5f70, 0x005d395b, 0x5f707571, 0x395b316c, 0x7571005d, 
			0x346c5f70, 0x635f305f, 0x75710073, 0x356c5f70, 0x635f305f, 
			0x75710073, 0x366c5f70, 0x635f305f, 0x75710073, 0x306c5f70, 
			0x005d315b, 0x5f707571, 0x315b316c, 0x7571005d, 0x326c5f70, 
			0x005d315b, 0x5f707571, 0x315b336c, 0x7571005d, 0x306c5f70, 
			0x005d325b, 0x5f707571, 0x325b316c, 0x7571005d, 0x326c5f70, 
			0x005d325b, 0x5f707571, 0x325b336c, 0x7571005d, 0x306c5f70, 
			0x5d31315b, 0x70757100, 0x5b326c5f, 0x005d3431, 0x5f707571, 
			0x315b316c, 0x71005d31, 0x6c5f7075, 0x34315b33, 0x7571005d, 
			0x326c5f70, 0x5d31315b, 0x70757100, 0x5b306c5f, 0x005d3431, 
			0x5f707571, 0x315b336c, 0x71005d31, 0x6c5f7075, 0x34315b31, 
			0x7571005d, 0x346c5f70, 0x635f315f, 0x75710073, 0x356c5f70, 
			0x635f315f, 0x75710073, 0x366c5f70, 0x635f315f, 0x75710073, 
			0x306c5f70, 0x005d335b, 0x5f707571, 0x335b316c, 0x7571005d, 
			0x326c5f70, 0x005d335b, 0x5f707571, 0x335b336c, 0x7571005d, 
			0x306c5f70, 0x005d365b, 0x5f707571, 0x365b316c, 0x7571005d, 
			0x326c5f70, 0x005d365b, 0x5f707571, 0x365b336c, 0x7571005d, 
			0x306c5f70, 0x5d32315b, 0x70757100, 0x5b316c5f, 0x005d3231, 
			0x5f707571, 0x315b326c, 0x71005d32, 0x6c5f7075, 0x32315b33, 
			0x7571005d, 0x326c5f70, 0x5d30315b, 0x70757100, 0x5b336c5f, 
			0x005d3031, 0x5f707571, 0x315b306c, 0x71005d30, 0x6c5f7075, 
			0x30315b31, 0x7571005d, 0x306c5f70, 0x005d385b, 0x5f707571, 
			0x385b316c, 0x7571005d, 0x326c5f70, 0x005d385b, 0x5f707571, 
			0x385b336c, 0x7571005d, 0x306c5f70, 0x5d35315b, 0x70757100, 
			0x5b316c5f, 0x005d3531, 0x5f707571, 0x315b326c, 0x71005d35, 
			0x6c5f7075, 0x35315b33, 0x7571005d, 0x306c5f70, 0x005d355b, 
			0x5f707571, 0x355b316c, 0x7571005d, 0x326c5f70, 0x005d355b, 
			0x5f707571, 0x355b336c, 0x7571005d, 0x306c5f70, 0x005d345b, 
			0x5f707571, 0x345b316c, 0x7571005d, 0x326c5f70, 0x005d345b, 
			0x5f707571, 0x345b336c, 0x7571005d, 0x306c5f70, 0x005d375b, 
			0x5f707571, 0x375b316c, 0x7571005d, 0x326c5f70, 0x005d375b, 
			0x5f707571, 0x375b336c, 0x7571005d, 0x306c5f70, 0x5d33315b, 
			0x70757100, 0x5f346c5f, 0x73635f38, 0x70757100, 0x5b316c5f, 
			0x005d3331, 0x5f707571, 0x385f356c, 0x0073635f, 0x5f707571, 
			0x315b326c, 0x71005d33, 0x6c5f7075, 0x5f385f36, 0x71007363, 
			0x6c5f7075, 0x33315b33, 0x7571005d, 0x346c5f70, 0x635f395f, 
			0x75710073, 0x356c5f70, 0x635f395f, 0x75710073, 0x366c5f70, 
			0x635f395f, 0x6c740073, 0x675f6d6d, 0x5f6f6970, 0x74736574, 
			0x6e69705f, 0x6d6c7400, 0x61625f6d, 0x74006573, 0x5f6d6d6c, 
			0x7366666f, 0x74007465, 0x5f6d6d6c, 0x61746f74, 0x70675f6c, 
			0x64006f69, 0x62617369, 0x785f656c, 0x615f7570, 0x69640063, 
			0x6c626173, 0x6d735f65, 0x615f756d, 0x6c630063, 0x746e6569, 
			0x0030305f, 0x65696c63, 0x305f746e, 0x6c630031, 0x746e6569, 
			0x0032305f, 0x65696c63, 0x305f746e, 0x6c630033, 0x746e6569, 
			0x0034305f, 0x65696c63, 0x305f746e, 0x6c630035, 0x746e6569, 
			0x0036305f, 0x65696c63, 0x305f746e, 0x656f0037, 0x73695f6d, 
			0x7069665f, 0x6e655f73, 0x656c6261, 0x6f665f64, 0x65745f72, 
			0x4f007473, 0x6b5f4d45, 0x74737965, 0x5f65726f, 0x62616e65, 
			0x725f656c, 0x00626d70, 0x5f4d454f, 0x7379656b, 0x65726f74, 
			0x6f72775f, 0x705f676e, 0x77737361, 0x65705f64, 0x746c616e, 
			0x454f0079, 0x656b5f4d, 0x6f747379, 0x725f6572, 0x69617465, 
			0x72775f6e, 0x5f676e6f, 0x73736170, 0x615f6477, 0x6d657474, 
			0x4f007470, 0x635f4d45, 0x746e756f, 0x655f7265, 0x6c62616e, 
			0x70725f65, 0x4f00626d, 0x615f4d45, 0x776f6c6c, 0x6d70725f, 
			0x656b5f62, 0x72705f79, 0x7369766f, 0x006e6f69, 0x5f4d454f, 
			0x61736964, 0x5f656c62, 0x626d7072, 0x7475615f, 0x6f72706f, 
			0x69736976, 0x6e696e6f, 0x454f0067, 0x65735f4d, 0x64775f63, 
			0x625f676f, 0x5f6b7261, 0x656d6974, 0x4d454f00, 0x6365735f, 
			0x6f64775f, 0x69625f67, 0x745f6574, 0x00656d69, 0x5f4d454f, 
			0x65736572, 0x65725f74, 0x6e6f7361, 0x73696c5f, 0x454f0074, 
			0x326c5f4d, 0x5f61775f, 0x62616e65, 0x4f00656c, 0x745f4d45, 
			0x6f6c5f7a, 0x656c5f67, 0x006c6576, 0x5f4d454f, 0x5f746f72, 
			0x62616e65, 0x745f656c, 0x736e6172, 0x5f726566, 0x53505041, 
			0x4d454f00, 0x746f725f, 0x616e655f, 0x5f656c62, 0x6e617274, 
			0x72656673, 0x444f4d5f, 0x4f004d45, 0x725f4d45, 0x705f746f, 
			0x61685f6b, 0x5f316873, 0x65737566, 0x6c61765f, 0x00736575, 
			0x5f4d454f, 0x5f6c6970, 0x75636573, 0x615f6572, 0x6c5f7070, 
			0x5f64616f, 0x69676572, 0x735f6e6f, 0x00657a69, 0x5f4d454f, 
			0x5f6c6970, 0x75636573, 0x615f6572, 0x6c5f7070, 0x5f64616f, 
			0x69676572, 0x735f6e6f, 0x74726174, 0x4d454f00, 0x6c69705f, 
			0x6275735f, 0x5f737973, 0x64616f6c, 0x6765725f, 0x5f6e6f69, 
			0x72617473, 0x454f0074, 0x69705f4d, 0x75735f6c, 0x73797362, 
			0x616f6c5f, 0x65725f64, 0x6e6f6967, 0x7a69735f, 0x454f0065, 
			0x69705f4d, 0x6e655f6c, 0x656c6261, 0x656c635f, 0x705f7261, 
			0x725f6c69, 0x6f696765, 0x454f006e, 0x70615f4d, 0x61735f70, 
			0x6f62646e, 0x65645f78, 0x6c756166, 0x454f0074, 0x524d5f4d, 
			0x63615f43, 0x61766974, 0x6e6f6974, 0x73696c5f, 0x454f0074, 
			0x524d5f4d, 0x65725f43, 0x61636f76, 0x6e6f6974, 0x73696c5f, 
			0x454f0074, 0x6f635f4d, 0x65746e75, 0x656d5f72, 0x72757361, 
			0x6e655f65, 0x656c6261, 0x4d454f00, 0x6275705f, 0x646f6d5f, 
			0x4d454f00, 0x6275705f, 0x7078655f, 0x4d454f00, 0x676f6c5f, 
			0x636e655f, 0x6e655f72, 0x656c6261, 0x4d454f00, 0x7972635f, 
			0x5f6f7470, 0x76726573, 0x5f656369, 0x62616e65, 0x4f00656c, 
			0x655f4d45, 0x6c62616e, 0x64735f65, 0x6e695f69, 0x6365735f, 
			0x746f6f62, 0x4d454f00, 0x6c6f725f, 0x6361626c, 0x65765f6b, 
			0x70755f72, 0x64617267, 0x6c685f65, 0x635f736f, 0x5f6c7274, 
			0x62616e65, 0x4f00656c, 0x655f4d45, 0x735f6573, 0x645f6970, 
			0x63697665, 0x64695f65, 0x4d454f00, 0x6573655f, 0x6970735f, 
			0x6968635f, 0x65735f70, 0x7463656c, 0x0064695f, 0x5f4d454f, 
			0x5f657365, 0x5f697073, 0x5f78616d, 0x71657266, 0x636e6575, 
			0x454f0079, 0x73655f4d, 0x70735f65, 0x69625f69, 0x705f7374, 
			0x775f7265, 0x0064726f, 0x5f4d454f, 0x5f657365, 0x5f697073, 
			0x5f64616e, 0x6d6d6f63, 0x00646e61, 0x5f4d454f, 0x5f657365, 
			0x5f697073, 0x5f64616e, 0x70736572, 0x65736e6f, 0x4d454f00, 
			0x6573655f, 0x6165665f, 0x65727574, 0x73616d5f, 0x454f006b, 
			0x73655f4d, 0x69745f65, 0x7372656d, 0x4d454f00, 0x6f64775f, 
			0x6c665f67, 0x00736761, 0x5f4d454f, 0x676f6477, 0x5f736d5f, 
			0x74696e69, 0x006c6169, 0x5f4d454f, 0x676f6477, 0x5f736d5f, 
			0x65636361, 0x685f7470, 0x00736f6c, 0x5f4d454f, 0x676f6477, 
			0x5f736d5f, 0x65636361, 0x755f7470, 0x74696665, 0x6f00747a, 
			0x635f7370, 0x69666e6f, 0x6e655f67, 0x656c6261, 0x6364685f, 
			0x72675f70, 0x00656361, 0x5f73706f, 0x666e6f63, 0x685f6769, 
			0x5f706364, 0x68747561, 0x6172675f, 0x705f6563, 0x6f697265, 
			0x706f0064, 0x6f635f73, 0x6769666e, 0x6364685f, 0x6f745f70, 
			0x6f6c6f70, 0x675f7967, 0x65636172, 0x7265705f, 0x00646f69, 
			0x5f73706f, 0x666e6f63, 0x685f6769, 0x5f706364, 0x5f6b6361, 
			0x63617267, 0x65705f65, 0x646f6972, 0x73706f00, 0x6f6c625f, 
			0x635f6b63, 0x65746e6f, 0x745f746e, 0x5f757268, 0x00697364, 
			0x5f6d7074, 0x65707974, 0x6d707400, 0x7079745f, 0x70675f65, 
			0x705f6f69, 0x5f6c6c75, 0x65707974, 0x6d707400, 0x7079745f, 
			0x70675f65, 0x665f6f69, 0x645f726f, 0x004d5054, 0x5f6d7074, 
			0x5f697073, 0x5f766564, 0x74006469, 0x735f6d70, 0x625f6970, 
			0x5f737469, 0x5f726570, 0x64726f77, 0x6d707400, 0x6970735f, 
			0x616c735f, 0x735f6576, 0x64656570, 0x6d707400, 0x746e695f, 
			0x61667265, 0x745f6563, 0x00657079, 0x5f6d7074, 0x5f737562, 
			0x65707974, 0x6d707400, 0x746e695f, 0x75727265, 0x635f7470, 
			0x6e6e6168, 0x74006c65, 0x6e5f6d70, 0x74735f76, 0x5f65726f, 
			0x657a6973, 0x74706600, 0x616e5f61, 0x6700656d, 0x69745f6b, 
			0x756f656d, 0x6f635f74, 0x6769666e, 0x5f6b6700, 0x62616e65, 
			0x735f656c, 0x7265746f, 0x7365745f, 0x70660074, 0x6e65735f, 
			0x5f726f73, 0x656d616e, 0x5f706600, 0x736e6573, 0x765f726f, 
			0x69737265, 0x65006e6f, 0x6c62616e, 0x69665f65, 0x7265676e, 
			0x0064695f, 0x62616e65, 0x735f656c, 0x7265746f, 0x69726900, 
			0x5f617473, 0x656d616e, 0x74646d00, 0x79735f70, 0x6d657473, 
			0x6e696d5f, 0x7265765f, 0x5f796669, 0x69746172, 0x646d006f, 
			0x735f7074, 0x65747379, 0x61705f6d, 0x305f6874, 0x646d0030, 
			0x735f7074, 0x65747379, 0x61705f6d, 0x305f6874, 0x646d0031, 
			0x735f7074, 0x65747379, 0x61705f6d, 0x305f6874, 0x646d0032, 
			0x735f7074, 0x65747379, 0x61705f6d, 0x305f6874, 0x646d0033, 
			0x735f7074, 0x65747379, 0x61705f6d, 0x305f6874, 0x646d0034, 
			0x735f7074, 0x65747379, 0x61705f6d, 0x305f6874, 0x646d0035, 
			0x735f7074, 0x65747379, 0x61705f6d, 0x305f6874, 0x646d0036, 
			0x735f7074, 0x65747379, 0x61705f6d, 0x305f6874, 0x646d0037, 
			0x735f7074, 0x65747379, 0x61705f6d, 0x305f6874, 0x646d0038, 
			0x735f7074, 0x65747379, 0x61705f6d, 0x305f6874, 0x696c0039, 
			0x736e6563, 0x61645f65, 0x735f6174, 0x65726f74, 0x7461705f, 
			0x6c700068, 0x65727961, 0x5f796461, 0x5f637263, 0x68746170, 
			0x6f727000, 0x65697270, 0x79726174, 0x616c705f, 0x6e655f79, 
			0x656c6261, 0x69765f72, 0x5f6f6564, 0x746f7270, 0x00746365, 
			0x706f7270, 0x74656972, 0x5f797261, 0x79616c70, 0x616e655f, 
			0x72656c62, 0x6665645f, 0x746c7561, 0x6865625f, 0x6f697661, 
			0x49007275, 0x6f635f56, 0x7274736e, 0x746e6961, 0x626f7200, 
			0x6e747375, 0x5f737365, 0x73726576, 0x006e6f69, 0x706f7270, 
			0x74656972, 0x5f797261, 0x79616c70, 0x616e655f, 0x72656c62, 
			0x6f72705f, 0x656c6966, 0x6f727000, 0x65697270, 0x79726174, 
			0x6c706f5f, 0x6f72705f, 0x656c6966, 0x6400305f, 0x62617369, 
			0x735f656c, 0x72756365, 0x5f797469, 0x65727473, 0x635f6d61, 
			0x6b636568, 0x6f727000, 0x69736976, 0x635f6e6f, 0x74736e6f, 
			0x6e696172, 0x6c665f74, 0x75006761, 0x6c5f6573, 0x63616765, 
			0x64685f79, 0x685f696d, 0x5f706364, 0x63656863, 0x656b006b, 
			0x6c656e72, 0x7265765f, 0x6e6f6973, 0x72656b00, 0x5f6c656e, 
			0x73726576, 0x5f6e6f69, 0x5f727473, 0x676e656c, 0x63006874, 
			0x6c6c6168, 0x65676e65, 0x68630073, 0x656c6c61, 0x7365676e, 
			0x7272615f, 0x6c5f7961, 0x74676e65, 0x6c6d0068, 0x70616473, 
			0x6972705f, 0x79656b76, 0x6168635f, 0x696d6f6d, 0x695f656c, 
			0x67007370, 0x495f7465, 0x6f635f56, 0x7274736e, 0x746e6961, 
			0x65737500, 0x6d656f5f, 0x7478655f, 0x616e7265, 0x64685f6c, 
			0x6d007063, 0x6d697861, 0x685f6d75, 0x5f706364, 0x635f7832, 
			0x62617061, 0x74696c69, 0x78650079, 0x6e726574, 0x685f6c61, 
			0x5f706364, 0x6576656c, 0x6e65006c, 0x656c6261, 0x62636b5f, 
			0x676f6c5f, 0x676e6967, 0x616c665f, 0x78650067, 0x6e726574, 
			0x645f6c61, 0x6c707369, 0x645f7961, 0x695f6973, 0x5f66746e, 
			0x006d756e, 0x636f6c62, 0x6f635f6b, 0x6e65746e, 0x68745f74, 
			0x645f7572, 0x70006973, 0x69766f72, 0x6e6f6973, 0x74656d5f, 
			0x00646f68, 0x70636468, 0x74735f31, 0x6761726f, 0x79745f65, 
			0x63006570, 0x6f6d6168, 0x656c696d, 0x7370695f, 0x63646800, 
			0x32703270, 0x6f74735f, 0x65676172, 0x7079745f, 0x68630065, 
			0x6d6f6d61, 0x5f656c69, 0x5f737069, 0x70636468, 0x00327032, 
			0x5f4d454f, 0x6f697067, 0x646e695f, 0x665f7865, 0x5f657375, 
			0x776f6c62, 0x63777300, 0x74707972, 0x6c65736f, 0x73657466, 
			0x6e655f74, 0x656c6261, 0x746e656d, 0x6e696600, 0x70726567, 
			0x746e6972, 0x6d656f5f, 0x6e6f635f, 0x5f676966, 0x62616e65, 
			0x6600656c, 0x65676e69, 0x69727072, 0x715f746e, 0x5f656573, 
			0x64697073, 0x695f7665, 0x69660064, 0x7265676e, 0x6e697270, 
			0x73715f74, 0x735f6565, 0x65646970, 0x70735f76, 0x00646565, 
			0x676e6966, 0x72707265, 0x5f746e69, 0x5f6d656f, 0x00727473, 
			0x6c6e6d63, 0x675f6269, 0x5f6f7070, 0x626d7072, 0x616e655f, 
			0x6d656c62, 0x00746e65, 0x64636573, 0x5f707369, 0x666e6f63, 
			0x4c5f6769, 0x64695f4d, 0x65730078, 0x73696463, 0x6f635f70, 
			0x6769666e, 0x6973645f, 0x00000000, 0x5f636367, 0x70736c62, 
			0x75715f31, 0x695f3170, 0x615f6332, 0x5f737070, 0x006b6c63, 
			0x5f636367, 0x70736c62, 0x68615f31, 0x6c635f62, 0x6c62006b, 
			0x695f7073, 0x735f6332, 0x315b6164, 0x6c62005d, 0x695f7073, 
			0x735f6332, 0x315b6c63, 0x6367005d, 0x6c625f63, 0x5f317073, 
			0x32707571, 0x6332695f, 0x7070615f, 0x6c635f73, 0x6c62006b, 
			0x695f7073, 0x735f6332, 0x325b6164, 0x6c62005d, 0x695f7073, 
			0x735f6332, 0x325b6c63, 0x6367005d, 0x6c625f63, 0x5f317073, 
			0x33707571, 0x6332695f, 0x7070615f, 0x6c635f73, 0x6c62006b, 
			0x695f7073, 0x735f6332, 0x335b6164, 0x6c62005d, 0x695f7073, 
			0x735f6332, 0x335b6c63, 0x6367005d, 0x6c625f63, 0x5f317073, 
			0x34707571, 0x6332695f, 0x7070615f, 0x6c635f73, 0x6c62006b, 
			0x695f7073, 0x735f6332, 0x345b6164, 0x6c62005d, 0x695f7073, 
			0x735f6332, 0x345b6c63, 0x6367005d, 0x6c625f63, 0x5f317073, 
			0x35707571, 0x6332695f, 0x7070615f, 0x6c635f73, 0x6c62006b, 
			0x695f7073, 0x735f6332, 0x355b6164, 0x6c62005d, 0x695f7073, 
			0x735f6332, 0x355b6c63, 0x6367005d, 0x6c625f63, 0x5f317073, 
			0x36707571, 0x6332695f, 0x7070615f, 0x6c635f73, 0x6c62006b, 
			0x695f7073, 0x735f6332, 0x365b6164, 0x6c62005d, 0x695f7073, 
			0x735f6332, 0x365b6c63, 0x6367005d, 0x6c625f63, 0x5f327073, 
			0x31707571, 0x6332695f, 0x7070615f, 0x6c635f73, 0x6367006b, 
			0x6c625f63, 0x5f327073, 0x5f626861, 0x006b6c63, 0x70736c62, 
			0x6332695f, 0x6164735f, 0x005d375b, 0x70736c62, 0x6332695f, 
			0x6c63735f, 0x005d375b, 0x5f636367, 0x70736c62, 0x75715f32, 
			0x695f3270, 0x615f6332, 0x5f737070, 0x006b6c63, 0x70736c62, 
			0x6332695f, 0x6164735f, 0x005d385b, 0x70736c62, 0x6332695f, 
			0x6c63735f, 0x005d385b, 0x5f636367, 0x70736c62, 0x75715f32, 
			0x695f3370, 0x615f6332, 0x5f737070, 0x006b6c63, 0x70736c62, 
			0x6332695f, 0x6164735f, 0x005d395b, 0x70736c62, 0x6332695f, 
			0x6c63735f, 0x005d395b, 0x5f636367, 0x70736c62, 0x75715f32, 
			0x695f3470, 0x615f6332, 0x5f737070, 0x006b6c63, 0x70736c62, 
			0x6332695f, 0x6164735f, 0x5d30315b, 0x736c6200, 0x32695f70, 
			0x63735f63, 0x30315b6c, 0x6367005d, 0x6c625f63, 0x5f327073, 
			0x35707571, 0x6332695f, 0x7070615f, 0x6c635f73, 0x6c62006b, 
			0x695f7073, 0x735f6332, 0x315b6164, 0x62005d31, 0x5f70736c, 
			0x5f633269, 0x5b6c6373, 0x005d3131, 0x5f636367, 0x70736c62, 
			0x75715f32, 0x695f3670, 0x615f6332, 0x5f737070, 0x006b6c63, 
			0x70736c62, 0x6332695f, 0x6164735f, 0x5d32315b, 0x736c6200, 
			0x32695f70, 0x63735f63, 0x32315b6c, 0x6367005d, 0x6c625f63, 
			0x5f317073, 0x5f626861, 0x006b6c63, 0x5f636367, 0x70736c62, 
			0x68615f32, 0x6c635f62, 0x6c62006b, 0x735f7073, 0x635f6970, 
			0x315b6b6c, 0x6c62005d, 0x735f7073, 0x635f6970, 0x5b6e5f73, 
			0x62005d31, 0x5f70736c, 0x5f697073, 0x69736f6d, 0x005d315b, 
			0x70736c62, 0x6970735f, 0x73696d5f, 0x5d315b6f, 0x736c6200, 
			0x70735f70, 0x6c635f69, 0x5d325b6b, 0x736c6200, 0x70735f70, 
			0x73635f69, 0x325b6e5f, 0x6c62005d, 0x735f7073, 0x6d5f6970, 
			0x5b69736f, 0x62005d32, 0x5f70736c, 0x5f697073, 0x6f73696d, 
			0x005d325b, 0x70736c62, 0x6970735f, 0x6b6c635f, 0x005d335b, 
			0x70736c62, 0x6970735f, 0x5f73635f, 0x5d335b6e, 0x736c6200, 
			0x70735f70, 0x6f6d5f69, 0x335b6973, 0x6c62005d, 0x735f7073, 
			0x6d5f6970, 0x5b6f7369, 0x62005d33, 0x5f70736c, 0x5f697073, 
			0x5b6b6c63, 0x62005d34, 0x5f70736c, 0x5f697073, 0x6e5f7363, 
			0x005d345b, 0x70736c62, 0x6970735f, 0x736f6d5f, 0x5d345b69, 
			0x736c6200, 0x70735f70, 0x696d5f69, 0x345b6f73, 0x6c62005d, 
			0x735f7073, 0x635f6970, 0x355b6b6c, 0x6c62005d, 0x735f7073, 
			0x635f6970, 0x5b6e5f73, 0x62005d35, 0x5f70736c, 0x5f697073, 
			0x69736f6d, 0x005d355b, 0x70736c62, 0x6970735f, 0x73696d5f, 
			0x5d355b6f, 0x736c6200, 0x70735f70, 0x6c635f69, 0x5d365b6b, 
			0x736c6200, 0x70735f70, 0x73635f69, 0x365b6e5f, 0x6c62005d, 
			0x735f7073, 0x6d5f6970, 0x5b69736f, 0x62005d36, 0x5f70736c, 
			0x5f697073, 0x6f73696d, 0x005d365b, 0x70736c62, 0x6970735f, 
			0x6b6c635f, 0x005d375b, 0x70736c62, 0x6970735f, 0x5f73635f, 
			0x5d375b6e, 0x736c6200, 0x70735f70, 0x6f6d5f69, 0x375b6973, 
			0x6c62005d, 0x735f7073, 0x6d5f6970, 0x5b6f7369, 0x62005d37, 
			0x5f70736c, 0x5f697073, 0x5b6b6c63, 0x62005d38, 0x5f70736c, 
			0x5f697073, 0x6e5f7363, 0x005d385b, 0x70736c62, 0x6970735f, 
			0x736f6d5f, 0x5d385b69, 0x736c6200, 0x70735f70, 0x696d5f69, 
			0x385b6f73, 0x6c62005d, 0x735f7073, 0x635f6970, 0x395b6b6c, 
			0x6c62005d, 0x735f7073, 0x635f6970, 0x5b6e5f73, 0x62005d39, 
			0x5f70736c, 0x5f697073, 0x69736f6d, 0x005d395b, 0x70736c62, 
			0x6970735f, 0x73696d5f, 0x5d395b6f, 0x736c6200, 0x70735f70, 
			0x6c635f69, 0x30315b6b, 0x6c62005d, 0x735f7073, 0x635f6970, 
			0x5b6e5f73, 0x005d3031, 0x70736c62, 0x6970735f, 0x736f6d5f, 
			0x30315b69, 0x6c62005d, 0x735f7073, 0x6d5f6970, 0x5b6f7369, 
			0x005d3031, 0x70736c62, 0x6970735f, 0x6b6c635f, 0x5d31315b, 
			0x736c6200, 0x70735f70, 0x73635f69, 0x315b6e5f, 0x62005d31, 
			0x5f70736c, 0x5f697073, 0x69736f6d, 0x5d31315b, 0x736c6200, 
			0x70735f70, 0x696d5f69, 0x315b6f73, 0x62005d31, 0x5f70736c, 
			0x5f697073, 0x5b6b6c63, 0x005d3231, 0x70736c62, 0x6970735f, 
			0x5f73635f, 0x32315b6e, 0x6c62005d, 0x735f7073, 0x6d5f6970, 
			0x5b69736f, 0x005d3231, 0x70736c62, 0x6970735f, 0x73696d5f, 
			0x32315b6f, 0x6622005d, 0x636f6469, 0x74707972, 0x2200226f, 
			0x62620022, 0x39666138, 0x30303961, 0x64383562, 0x32353036, 
			0x61636138, 0x31646437, 0x63333130, 0x36333834, 0x37386362, 
			0x34326538, 0x62623365, 0x39616361, 0x33373632, 0x38393163, 
			0x31363263, 0x66616663, 0x64316336, 0x65303032, 0x39393130, 
			0x66653538, 0x61663062, 0x31316532, 0x39626630, 0x30663737, 
			0x62613164, 0x33373137, 0x31653663, 0x64393430, 0x39373330, 
			0x62393865, 0x30323935, 0x66316137, 0x39656236, 0x31636665, 
			0x65633763, 0x61626434, 0x37333863, 0x32343966, 0x65363233, 
			0x65653238, 0x61333536, 0x34623364, 0x31633261, 0x32656630, 
			0x32383565, 0x34396164, 0x65653066, 0x32643334, 0x30656239, 
			0x64353834, 0x36396336, 0x65636264, 0x30326263, 0x31623734, 
			0x30626136, 0x34323339, 0x31303531, 0x61633961, 0x66643664, 
			0x35633833, 0x61346239, 0x39626164, 0x35343661, 0x34653937, 
			0x34343033, 0x35653139, 0x66623136, 0x36666535, 0x34383935, 
			0x65653065, 0x34343830, 0x32353137, 0x37623163, 0x61623835, 
			0x31333538, 0x39643330, 0x64616431, 0x33653936, 0x34353564, 
			0x64393161, 0x38656436, 0x35643965, 0x30323532, 0x63393163, 
			0x32663463, 0x62656264, 0x30313334, 0x37633432, 0x63356434, 
			0x33326636, 0x65336465, 0x32633238, 0x66323738, 0x37333865, 
			0x31613330, 0x65396562, 0x35353137, 0x34666663, 0x39383264, 
			0x32643066, 0x39343936, 0x34613738, 0x35373839, 0x37613935, 
			0x62313164, 0x30343531, 0x36646235, 0x36616533, 0x64313539, 
			0x31323364, 0x65303637, 0x31346364, 0x35616366, 0x62383039, 
			0x30643430, 0x30323839, 0x33353164, 0x33373835, 0x66646265, 
			0x31356334, 0x39306336, 0x64633466, 0x35396337, 0x33383130, 
			0x39303663, 0x38336264, 0x66393631, 0x31003535, 0x31303030, 
			0x6e696600, 0x70726567, 0x746e6972, 0x61745300, 0x74616772, 
			0x72690065, 0x22007369, 0x7379732f, 0x2f6d6574, 0x6c697562, 
			0x72702e64, 0x0022706f, 0x79732f22, 0x6d657473, 0x6665642f, 
			0x746c7561, 0x6f72702e, 0x22002270, 0x7379732f, 0x2f6d6574, 
			0x22707061, 0x732f2200, 0x65747379, 0x69622f6d, 0x2200226e, 
			0x7379732f, 0x2f6d6574, 0x22637465, 0x732f2200, 0x65747379, 
			0x72662f6d, 0x77656d61, 0x226b726f, 0x732f2200, 0x65747379, 
			0x696c2f6d, 0x22002262, 0x7379732f, 0x2f6d6574, 0x76697270, 
			0x7070612d, 0x2f220022, 0x74737973, 0x762f6d65, 0x6f646e65, 
			0x22002272, 0x7379732f, 0x2f6d6574, 0x6e696278, 0x2f220022, 
			0x61746164, 0x6e65762f, 0x2f726f64, 0x74737a74, 0x6761726f, 
			0x00222f65, 0x6e6d2f22, 0x65762f74, 0x726f646e, 0x7265702f, 
			0x74736973, 0x7461642f, 0x00222f61, 0x6e694c22, 0x76207875, 
			0x69737265, 0x33206e6f, 0x2e34312e, 0x672d3632, 0x31623334, 
			0x2d383731, 0x33303030, 0x39672d38, 0x33666536, 0x28203434, 
			0x62786e6c, 0x646c6975, 0x61626140, 0x34327469, 0x64732d32, 
			0x786e6c2d, 0x67282029, 0x76206363, 0x69737265, 0x34206e6f, 
			0x782e392e, 0x6f6f672d, 0x20656c67, 0x34313032, 0x37323830, 
			0x72702820, 0x6c657265, 0x65736165, 0x47282029, 0x20294343, 
			0x31232029, 0x504d5320, 0x45525020, 0x54504d45, 0x69724620, 
			0x6e754a20, 0x31203520, 0x35313a35, 0x2037353a, 0x20544450, 
			0x35313032, 0x2f220022, 0x61746164, 0x73696d2f, 0x73712f63, 
			0x222f6565, 0x6d656f00, 0x7274735f, 0x6e696600, 0x70726567, 
			0x746e6972, 0x61745300, 0x74616772, 0x00000065, 0x00000002, 
			0x01000000, 0x01300000, 0x07b00000, 0x00000002, HAL_XPU2_TLMM_XPU_SOUTH, 
			HAL_XPU2_TLMM_XPU_NORTH, HAL_XPU2_TLMM_XPU_EAST, 0x00000003, 0x00000000, 0x00000001, 
			0x00000002, 0x00000003, 0x00000002, 0x00000029, 0x0000002a, 
			0x0000002b, 0x00000003, 0x0000002d, 0x0000002e, 0x0000002f, 
			0x00000030, 0x00000003, 0x00000041, 0x00000042, 0x00000043, 
			0x00000044, 0x00000003, 0x00000051, 0x00000052, 0x00000053, 
			0x00000054, 0x00000003, 0x00000019, 0x0000001a, 0x0000001b, 
			0x0000001c, 0x00000003, 0x00000035, 0x00000036, 0x00000037, 
			0x00000038, 0x00000003, 0x00000004, 0x00000005, 0x00000006, 
			0x00000007, 0x00000003, 0x00000031, 0x00000032, 0x00000033, 
			0x00000034, 0x00000003, 0x00000008, 0x00000009, 0x0000000a, 
			0x0000000b, 0x00000003, 0x0000003a, 0x0000003b, 0x0000003c, 
			0x0000003d, 0x00000002, 0x00000055, 0x00000057, 0x00000058, 
			0x00000001, 0x00000000, 0x00002070, 0x02800000, 0x00000000, 
			0x0280000f, 0x0000007f, 0x0280001c, 0x0c175000, 0x0280002f, 
			0x00004b00, 0x02800046, 0x00000001, 0x02800054, 0x00000000, 
			0x11800069, 0x00000000, 0x11800079, 0x0000001c, 0x11800088, 
			0x0000002e, 0x11800098, 0x0000003e, 0xff00ff00, 0x02800000, 
			0x00000001, 0x0280000f, 0x00000080, 0x0280001c, 0x0c176000, 
			0x0280002f, 0x00004b00, 0x02800046, 0x00000001, 0x02800054, 
			0x00000000, 0x11800069, 0x0000004e, 0x11800079, 0x0000001c, 
			0x11800088, 0x0000006a, 0x11800098, 0x0000007a, 0xff00ff00, 
			0x02800000, 0x00000002, 0x0280000f, 0x00000081, 0x0280001c, 
			0x0c177000, 0x0280002f, 0x00004b00, 0x02800046, 0x00000001, 
			0x02800054, 0x00000000, 0x11800069, 0x0000008a, 0x11800079, 
			0x0000001c, 0x11800088, 0x000000a6, 0x11800098, 0x000000b6, 
			0xff00ff00, 0x02800000, 0x00000003, 0x0280000f, 0x00000082, 
			0x0280001c, 0x0c178000, 0x0280002f, 0x00004b00, 0x02800046, 
			0x00000001, 0x02800054, 0x00000000, 0x11800069, 0x000000c6, 
			0x11800079, 0x0000001c, 0x11800088, 0x000000e2, 0x11800098, 
			0x000000f2, 0xff00ff00, 0x02800000, 0x00000004, 0x0280000f, 
			0x00000083, 0x0280001c, 0x0c179000, 0x0280002f, 0x00004b00, 
			0x02800046, 0x00000001, 0x02800054, 0x00000000, 0x11800069, 
			0x00000102, 0x11800079, 0x0000001c, 0x11800088, 0x0000011e, 
			0x11800098, 0x0000012e, 0xff00ff00, 0x02800000, 0x00000005, 
			0x0280000f, 0x00000084, 0x0280001c, 0x0c17a000, 0x0280002f, 
			0x00004b00, 0x02800046, 0x00000001, 0x02800054, 0x00000000, 
			0x11800069, 0x0000013e, 0x11800079, 0x0000001c, 0x11800088, 
			0x0000015a, 0x11800098, 0x0000016a, 0xff00ff00, 0x02800000, 
			0x00000006, 0x0280000f, 0x00000085, 0x0280001c, 0x0c1b5000, 
			0x0280002f, 0x00004b00, 0x02800046, 0x00000002, 0x02800054, 
			0x00000000, 0x11800069, 0x0000017a, 0x11800079, 0x00000196, 
			0x11800088, 0x000001a8, 0x11800098, 0x000001b8, 0xff00ff00, 
			0x02800000, 0x00000007, 0x0280000f, 0x00000086, 0x0280001c, 
			0x0c1b6000, 0x0280002f, 0x00004b00, 0x02800046, 0x00000002, 
			0x02800054, 0x00000000, 0x11800069, 0x000001c8, 0x11800079, 
			0x00000196, 0x11800088, 0x000001e4, 0x11800098, 0x000001f4, 
			0xff00ff00, 0x02800000, 0x00000008, 0x0280000f, 0x00000087, 
			0x0280001c, 0x0c1b7000, 0x0280002f, 0x00004b00, 0x02800046, 
			0x00000002, 0x02800054, 0x00000000, 0x11800069, 0x00000204, 
			0x11800079, 0x00000196, 0x11800088, 0x00000220, 0x11800098, 
			0x00000230, 0xff00ff00, 0x02800000, 0x00000009, 0x0280000f, 
			0x00000088, 0x0280001c, 0x0c1b8000, 0x0280002f, 0x00004b00, 
			0x02800046, 0x00000002, 0x02800054, 0x00000000, 0x11800069, 
			0x00000240, 0x11800079, 0x00000196, 0x11800088, 0x0000025c, 
			0x11800098, 0x0000026d, 0xff00ff00, 0x02800000, 0x0000000a, 
			0x0280000f, 0x00000089, 0x0280001c, 0x0c1b9000, 0x0280002f, 
			0x00004b00, 0x02800046, 0x00000002, 0x02800054, 0x00000000, 
			0x11800069, 0x0000027e, 0x11800079, 0x00000196, 0x11800088, 
			0x0000029a, 0x11800098, 0x000002ab, 0xff00ff00, 0x02800000, 
			0x0000000b, 0x0280000f, 0x0000008a, 0x0280001c, 0x0c1ba000, 
			0x0280002f, 0x00004b00, 0x02800046, 0x00000002, 0x02800054, 
			0x00000000, 0x11800069, 0x000002bc, 0x11800079, 0x00000196, 
			0x11800088, 0x000002d8, 0x11800098, 0x000002e9, 0xff00ff00, 
			0x028000a8, 0x00000002, 0x028000be, 0x00000005, 0x028000d2, 
			0x00000001, 0x028000e6, 0x00000004, 0x028000fb, 0x00000001, 
			0x02800110, 0x07884000, 0x02800124, 0x07ac4000, 0x02800138, 
			0x00000140, 0x02800150, 0x000001c0, 0x11800168, 0x000002fa, 
			0x11800178, 0x0000030c, 0x02800188, 0x00000003, 0x14800197, 
			0x00000000, 0x148001a7, 0x00000010, 0xff00ff00, 0x028001b4, 
			0x00000001, 0x028001c1, 0x07575000, 0x028001cf, 0x00000001, 
			0x028001dd, 0x00000001, 0x028001e9, 0x07544000, 0x028001f7, 
			0x0000010e, 0x02800208, 0x0000000c, 0x02800218, 0x0000000d, 
			0x14800228, 0x00000020, 0x11800235, 0x0000031e, 0x11800246, 
			0x0000032e, 0x11800256, 0x0000033f, 0x11800268, 0x00000350, 
			0xff00ff00, 0x028001b4, 0x00000002, 0x028001c1, 0x07576000, 
			0x028001cf, 0x00000001, 0x028001dd, 0x00000001, 0x028001e9, 
			0x07544000, 0x028001f7, 0x0000010e, 0x02800208, 0x0000000e, 
			0x02800218, 0x0000000f, 0x14800228, 0x00000034, 0x11800235, 
			0x00000361, 0x11800246, 0x00000371, 0x11800256, 0x00000382, 
			0x11800268, 0x00000393, 0xff00ff00, 0x028001b4, 0x00000003, 
			0x028001c1, 0x07577000, 0x028001cf, 0x00000001, 0x028001dd, 
			0x00000001, 0x028001e9, 0x07544000, 0x028001f7, 0x0000010e, 
			0x02800208, 0x00000010, 0x02800218, 0x00000011, 0x14800228, 
			0x00000044, 0x11800235, 0x000003a4, 0x11800246, 0x000003b4, 
			0x11800256, 0x000003c5, 0x11800268, 0x000003d6, 0xff00ff00, 
			0x028001b4, 0x00000001, 0x028001c1, 0x07578000, 0x028001cf, 
			0x00000001, 0x028001dd, 0x00000001, 0x028001e9, 0x07544000, 
			0x028001f7, 0x0000010e, 0x02800208, 0x00000012, 0x02800218, 
			0x00000013, 0x14800228, 0x00000058, 0x11800235, 0x000003e7, 
			0x11800246, 0x000003f7, 0x11800256, 0x00000408, 0x11800268, 
			0x00000419, 0xff00ff00, 0x028001b4, 0x00000005, 0x028001c1, 
			0x07579000, 0x028001cf, 0x00000001, 0x028001dd, 0x00000001, 
			0x028001e9, 0x07544000, 0x028001f7, 0x0000010e, 0x02800208, 
			0x00000014, 0x02800218, 0x00000015, 0x14800228, 0x0000006c, 
			0x11800235, 0x0000042a, 0x11800246, 0x0000043a, 0x11800256, 
			0x0000044b, 0x11800268, 0x0000045c, 0xff00ff00, 0x028001b4, 
			0x00000006, 0x028001c1, 0x0757a000, 0x028001cf, 0x00000001, 
			0x028001dd, 0x00000001, 0x028001e9, 0x07544000, 0x028001f7, 
			0x0000010e, 0x02800208, 0x00000017, 0x02800218, 0x00000017, 
			0x14800228, 0x00000080, 0x11800235, 0x0000046d, 0x11800246, 
			0x0000047d, 0x11800256, 0x0000048e, 0x11800268, 0x0000049f, 
			0xff00ff00, 0x028001b4, 0x00000007, 0x028001c1, 0x075b5000, 
			0x028001cf, 0x00000001, 0x028001dd, 0x00000002, 0x028001e9, 
			0x07584000, 0x028001f7, 0x0000010f, 0x02800208, 0x0000000c, 
			0x02800218, 0x0000000d, 0x14800228, 0x00000094, 0x11800235, 
			0x000004b0, 0x11800246, 0x000004c0, 0x11800256, 0x000004d1, 
			0x11800268, 0x000004e2, 0xff00ff00, 0x028001b4, 0x00000008, 
			0x028001c1, 0x075b6000, 0x028001cf, 0x00000001, 0x028001dd, 
			0x00000002, 0x028001e9, 0x07584000, 0x028001f7, 0x0000010f, 
			0x02800208, 0x0000000e, 0x02800218, 0x0000000f, 0x14800228, 
			0x000000a8, 0x11800235, 0x000004f3, 0x11800246, 0x00000503, 
			0x11800256, 0x00000514, 0x11800268, 0x00000525, 0xff00ff00, 
			0x028001b4, 0x00000009, 0x028001c1, 0x075b7000, 0x028001cf, 
			0x00000001, 0x028001dd, 0x00000002, 0x028001e9, 0x07584000, 
			0x028001f7, 0x0000010f, 0x02800208, 0x00000010, 0x02800218, 
			0x00000011, 0x14800228, 0x000000bc, 0x11800235, 0x00000536, 
			0x11800246, 0x00000546, 0x11800256, 0x00000557, 0x11800268, 
			0x00000568, 0xff00ff00, 0x028001b4, 0x0000000a, 0x028001c1, 
			0x075b8000, 0x028001cf, 0x00000001, 0x028001dd, 0x00000002, 
			0x028001e9, 0x07584000, 0x028001f7, 0x0000010f, 0x02800208, 
			0x00000012, 0x02800218, 0x00000013, 0x14800228, 0x000000d0, 
			0x11800235, 0x00000579, 0x11800246, 0x0000058a, 0x11800256, 
			0x0000059c, 0x11800268, 0x000005ae, 0xff00ff00, 0x028001b4, 
			0x0000000b, 0x028001c1, 0x075b9000, 0x028001cf, 0x00000001, 
			0x028001dd, 0x00000002, 0x028001e9, 0x07584000, 0x028001f7, 
			0x0000010f, 0x02800208, 0x00000014, 0x02800218, 0x00000015, 
			0x14800228, 0x000000e4, 0x11800235, 0x000005c0, 0x11800246, 
			0x000005d1, 0x11800256, 0x000005e3, 0x11800268, 0x000005f5, 
			0xff00ff00, 0x028001b4, 0x0000000c, 0x028001c1, 0x075ba000, 
			0x028001cf, 0x00000001, 0x028001dd, 0x00000002, 0x028001e9, 
			0x07584000, 0x028001f7, 0x0000010f, 0x02800208, 0x00000016, 
			0x02800218, 0x00000017, 0x14800228, 0x000000f8, 0x11800235, 
			0x00000607, 0x11800246, 0x00000618, 0x11800256, 0x0000062a, 
			0x11800268, 0x0000063c, 0xff00ff00, 0x0280027a, 0x80000002, 
			0x14800281, 0x00000108, 0xff00ff00, 0x1280028b, 0x00000000, 
			0xff00ff00, 0x1280029c, 0x00000001, 0xff00ff00, 0x128002b2, 
			0x00000002, 0x128002bc, 0x00000003, 0x128002c6, 0x00000004, 
			0x128002d0, 0x00000005, 0x128002da, 0x00000006, 0x128002e4, 
			0x00000007, 0x128002ee, 0x00000008, 0x128002f8, 0x00000009, 
			0x12800302, 0x0000000a, 0x1280030e, 0x0000000b, 0x1280031a, 
			0x0000000c, 0x12800326, 0x0000000d, 0x12800330, 0x0000000e, 
			0x1280033a, 0x0000000f, 0x12800344, 0x00000010, 0x1280034e, 
			0x00000011, 0x12800358, 0x00000012, 0x12800362, 0x00000013, 
			0x1280036c, 0x00000014, 0x12800376, 0x00000015, 0x12800381, 
			0x00000016, 0x1280038c, 0x00000017, 0x12800397, 0x00000018, 
			0x128003a2, 0x00000019, 0x128003ad, 0x0000001a, 0x128003b8, 
			0x0000001b, 0x128003c3, 0x0000001c, 0x128003ce, 0x0000001d, 
			0x128003da, 0x0000001e, 0x128003e6, 0x0000001f, 0x128003f2, 
			0x00000020, 0x128003fc, 0x00000021, 0x12800406, 0x00000022, 
			0x12800410, 0x00000023, 0x1280041a, 0x00000024, 0x12800424, 
			0x00000025, 0x1280042e, 0x00000026, 0x12800438, 0x00000027, 
			0x12800442, 0x00000028, 0x1280044d, 0x00000029, 0x12800458, 
			0x0000002a, 0x12800463, 0x0000002b, 0x1280046e, 0x0000002c, 
			0x12800479, 0x0000002d, 0x12800484, 0x0000002e, 0x1280048f, 
			0x0000002f, 0x1280049a, 0x00000030, 0x128004a4, 0x00000031, 
			0x128004ae, 0x00000032, 0x128004b8, 0x00000033, 0x128004c2, 
			0x00000034, 0x128004cd, 0x00000035, 0x128004d8, 0x00000036, 
			0x128004e3, 0x00000037, 0x128004ee, 0x00000038, 0x128004f8, 
			0x00000039, 0x12800502, 0x0000003a, 0x1280050c, 0x0000003b, 
			0x12800516, 0x0000003c, 0x12800520, 0x0000003d, 0x1280052a, 
			0x0000003e, 0x12800534, 0x0000003f, 0x1280053e, 0x00000040, 
			0x12800548, 0x00000041, 0x12800552, 0x00000042, 0x1280055c, 
			0x00000043, 0x12800566, 0x00000044, 0x12800571, 0x00000045, 
			0x1280057d, 0x00000046, 0x12800588, 0x00000047, 0x12800594, 
			0x00000048, 0x1280059f, 0x00000049, 0x128005ab, 0x0000004a, 
			0x128005b6, 0x0000004b, 0x128005c2, 0x0000004c, 0x128005ce, 
			0x0000004d, 0x128005da, 0x0000004e, 0x028005ed, 0x03400000, 
			0x028005f7, 0x00010000, 0x02800603, 0x00000096, 0xff00ff00, 
			0x02800613, 0x00000000, 0xff00ff00, 0x02800622, 0x00000000, 
			0xff00ff00, 0x11800632, 0x0000064e, 0x1180063c, 0x0000065b, 
			0x11800646, 0x0000065b, 0x11800650, 0x0000065b, 0x1180065a, 
			0x0000065b, 0x11800664, 0x0000065b, 0x1180066e, 0x0000065b, 
			0x11800678, 0x0000065b, 0xff00ff00, 0x02800682, 0x00000000, 
			0xff00ff00, 0x0280069f, 0x00000001, 0x028006b8, 0x000007d0, 
			0x028006da, 0x00000001, 0x02800703, 0x00000001, 0x0280071b, 
			0x00000000, 0x02800738, 0x00000000, 0x0280075a, 0x00001770, 
			0x02800771, 0x000055f0, 0x12800788, 0x0000004f, 0x0280079e, 
			0x00000001, 0x028007af, 0x00000002, 0x028007c0, 0x00000000, 
			0x028007dd, 0x00000000, 0x088007fb, 0x00000000, 0x02800818, 
			0x00600000, 0x0280083c, 0x49b00000, 0x02800861, 0x40000000, 
			0x02800882, 0x30000000, 0x028008a2, 0x00000000, 0x028008c2, 
			0x00000001, 0x028008da, 0x00000000, 0x028008f2, 0x00000000, 
			0x0280090a, 0x00000001, 0x11800925, 0x0000065e, 0x11800931, 
			0x0000085f, 0x0280093d, 0x00000000, 0x02800951, 0x00000000, 
			0x0280096b, 0x00000001, 0x02800985, 0x00000000, 0xff00ff00, 
			0x028009af, 0x00000000, 0x028009c5, 0x00000000, 0x028009e0, 
			0x000ea600, 0x028009fa, 0x00000008, 0x02800a14, 0x0000005a, 
			0x02800a2c, 0x000000a5, 0x02800a45, 0x00000000, 0x02800a5a, 
			0x00032658, 0xff00ff00, 0x02800a69, 0x00000000, 0x02800a78, 
			0x000005dc, 0x02800a8c, 0x0000ea60, 0x02800aa4, 0x0001d4c0, 
			0xff00ff00, 0x02800abf, 0x00000001, 0x02800adc, 0x00001770, 
			0x02800afe, 0x00001388, 0x02800b24, 0x00001388, 0x02800b45, 
			0x00000003, 0xff00ff00, 0x02800b60, 0x6654504d, 0x02800b69, 
			0x00000003, 0x02800b81, 0x00000000, 0x02800b98, 0x0000000e, 
			0x02800ba7, 0x00000008, 0x02800bbd, 0x016e3600, 0x02800bd1, 
			0x00000001, 0x02800be4, 0x00000002, 0x02800bf1, 0x00000001, 
			0x02800c07, 0x00004c00, 0xff00ff00, 0x11800c19, 0x00000865, 
			0x02800c23, 0x00000000, 0x02800c35, 0x00000000, 0x11800c4a, 
			0x00000871, 0x02800c59, 0x00000001, 0x02800c6b, 0x00000000, 
			0x02800c7c, 0x00000000, 0x11800c89, 0x0000087a, 0xff00ff00, 
			0x02800c95, 0x0000000a, 0x11800cb2, 0x0000087f, 0x11800cc6, 
			0x00000894, 0x11800cda, 0x000008ab, 0x11800cee, 0x000008b9, 
			0x11800d02, 0x000008c7, 0x11800d16, 0x000008d5, 0x11800d2a, 
			0x000008e9, 0x11800d3e, 0x000008f7, 0x11800d52, 0x0000090a, 
			0x11800d66, 0x0000091b, 0xff00ff00, 0x11800d7a, 0x0000092a, 
			0x11800d92, 0x00000944, 0x02800da5, 0x00000000, 0x02800dcc, 
			0x00000000, 0x02800df7, 0x00000000, 0x02800e05, 0x00000000, 
			0x02800e18, 0x00000000, 0x02800e39, 0x00000000, 0x02800e53, 
			0x00000000, 0x02800e71, 0x00000000, 0x02800e8b, 0x00000001, 
			0xff00ff00, 0x11800ea6, 0x00000960, 0x02800eb5, 0x000000ab, 
			0x12800ecf, 0x00000050, 0x02800eda, 0x0000004c, 0xff00ff00, 
			0x12800ef2, 0x00000051, 0xff00ff00, 0x11800d7a, 0x00000a0e, 
			0x02800e53, 0x00000000, 0x02800f0f, 0x00000000, 0x02800e8b, 
			0x00000001, 0x02800f21, 0x00000000, 0x02800e71, 0x00000000, 
			0x02800f37, 0x00000004, 0x02800f52, 0x00000000, 0x02800f66, 
			0x00000000, 0x02800f7e, 0x00000001, 0x02800f9c, 0x00000000, 
			0x02800fb3, 0x00000002, 0xff00ff00, 0x02800fc4, 0x00000002, 
			0x12800fd7, 0x00000052, 0xff00ff00, 0x02800fe5, 0x00000002, 
			0x12800ffa, 0x00000053, 0xff00ff00, 0x02801010, 0x00000014, 
			0xff00ff00, 0x02801029, 0x00000000, 0xff00ff00, 0x02801045, 
			0x00000000, 0x02801063, 0x00000004, 0x0280107e, 0x017d7840, 
			0x1180109c, 0x00000a21, 0xff00ff00, 0x028010b0, 0x00000001, 
			0xff00ff00, 0x11800c19, 0x00000a29, 0x11800c4a, 0x00000a35, 
			0x02800c59, 0x00000001, 0x02800c6b, 0x00000000, 0x02800c7c, 
			0x00000000, 0xff00ff00, 0x028010cc, 0x00000000, 0x028010e2, 
			0x00000000, 0xff00ff00 };



const StringDevice driver_list_53xx_oem_tz[] = {
			{"OEM_DALDEVICEID_I2C_DEVICE_1",3605661807u, 7372, NULL, 0, NULL },
			{"OEM_DALDEVICEID_I2C_DEVICE_2",3605661808u, 7456, NULL, 0, NULL },
			{"OEM_DALDEVICEID_I2C_DEVICE_3",3605661809u, 7540, NULL, 0, NULL },
			{"OEM_DALDEVICEID_I2C_DEVICE_4",3605661810u, 7624, NULL, 0, NULL },
			{"OEM_DALDEVICEID_I2C_DEVICE_5",3605661811u, 7708, NULL, 0, NULL },
			{"OEM_DALDEVICEID_I2C_DEVICE_6",3605661812u, 7792, NULL, 0, NULL },
			{"OEM_DALDEVICEID_I2C_DEVICE_7",3605661813u, 7876, NULL, 0, NULL },
			{"OEM_DALDEVICEID_I2C_DEVICE_8",3605661814u, 7960, NULL, 0, NULL },
			{"OEM_DALDEVICEID_I2C_DEVICE_9",3605661815u, 8044, NULL, 0, NULL },
			{"OEM_DALDEVICEID_I2C_DEVICE_10",3022722687u, 8128, NULL, 0, NULL },
			{"OEM_DALDEVICEID_I2C_DEVICE_11",3022722688u, 8212, NULL, 0, NULL },
			{"OEM_DALDEVICEID_I2C_DEVICE_12",3022722689u, 8296, NULL, 0, NULL },
			{"BLSP_GLOBAL_PROP",3648527686u, 8380, NULL, 0, NULL },
			{"/dev/ABTimeoutOEM",1805783117u, 9812, NULL, 0, NULL },
			{"/dev/NOCErrorOEM",462237293u, 9824, NULL, 0, NULL },
			{"/tlmm/configs",4061476838u, 9836, NULL, 0, NULL },
			{"/ac/xpu",252737252u, 10480, NULL, 0, NULL },
			{"/ac/smmu",4045178921u, 10492, NULL, 0, NULL },
			{"chamomile",707018068u, 10504, NULL, 0, NULL },
			{"oem_fips_enablement_for_testing",1637151956u, 10572, NULL, 0, NULL },
			{"/tz/oem",1023575730u, 10584, NULL, 0, NULL },
			{"eseservice",3758923187u, 10820, NULL, 0, NULL },
			{"wdog",2090862774u, 10888, NULL, 0, NULL },
			{"ops_config",2385039724u, 10924, NULL, 0, NULL },
			{"qcom.tz.tpm",1605419888u, 10968, NULL, 0, NULL },
			{"keymaster64",665618340u, 11052, NULL, 0, NULL },
			{"mdtp",2090503578u, 11120, NULL, 0, NULL },
			{"playread",1025787287u, 11212, NULL, 0, NULL },
			{"dhsecapp",514850957u, 11304, NULL, 0, NULL },
			{"mldapta",3447803496u, 11340, NULL, 0, NULL },
			{"widevine",3516544384u, 11352, NULL, 0, NULL },
			{"hdcp1",261193269u, 11452, NULL, 0, NULL },
			{"qcom.tz.hdcp2p2",3491074962u, 11472, NULL, 0, NULL },
			{"/tz/oem_fuse",3886910820u, 11492, NULL, 0, NULL },
			{"swcryptoselftest",3087931290u, 11504, NULL, 0, NULL },
			{"fingerprint",1131795469u, 11516, NULL, 0, NULL },
			{"commonlib",1001161029u, 11552, NULL, 0, NULL },
			{"soter64",2743201468u, 11564, NULL, 0, NULL },
			{"secdisp_config",3657295525u, 11608, NULL, 0, NULL }
};
